Title,Year,Developers,City,Country,URL,Description,Pictures,Documentation,Articles,Purpose,Open Source,# Players,Location,Genre,Hardware,Connectivity,Contact
1943: The Battle of Midway,1989,Acclaim Entertainment,"Glen Clove, NY",United States,https://online.oldgames.sk/play/arcade/1943-the-battle-of-midway/10027,"Small handheld device/game with up, down, left, right navigational control. The device contains a button to turn sound on or off. The Acclaim handheld is loosely based off the Capcom arcade game of the same name. The game involved the player controlling an aircraft and winning multiple dogfights against other planes.","https://www.handheldmuseum.com/Acclaim/Acclaim-1943.jpg, https://www.handheldmuseum.com/Acclaim/Acclaim-1943Box.jpg",https://www.youtube.com/watch?v=y5zL4WidQ8A,,Entertainment,N,single-player,site-specific,Mobile,Game Console,,ejstanle@ncsu.edu
3-D Escape! 1000 Mazes,1981,Entex,"Compton, CA",USA,,"3-D Escape! 1000 Mazes is a tabletop puzzle game developed by Entex. Gameplay is in the first person, with a maze mode and adventure mode. Maze mode involved the player escaping from 1/1000 mazes, and adventure was the same, but required the collection of 3 artifacts to win first. The console is black, and has 4 arrow buttons to control movement.","https://www.handheldmuseum.com/Entex/Entex-3DEscape1000Mazes.jpg, https://www.handheldmuseum.com/Entex/Entex-3DEscape1000MazesDisplay.jpg, https://www.handheldmuseum.com/Entex/Entex-3DEscape1000MazesBox.jpg",,,Entertainment,N,single-player,site-specific,Handheld,Game Console,,rlglove2@ncsu.edu
Advance Wars,2001,Intelligent Systems,Kyoto,Japan,,"Advance Wars is a turn-based strategy game for the Nintendo Gameboy Advance developed by Intelligent Systems. Players would control their army with the goal of defeating another enemy army by capturing their headquarters or destroying their units on the map (known as routing them). Advance Wars has a campaign mode, tutorial section, and an arcade mode for setting high scores. After beating an enemy, the game would score the player on speed, power, and technique.","https://assets-prd.ignimgs.com/2022/01/18/advancewars1-sq-1642537108800.jpg, https://upload.wikimedia.org/wikipedia/en/thumb/1/14/GBA_Advance_Wars.png/220px-GBA_Advance_Wars.png","https://www.youtube.com/watch?v=HQwf_EoAfNI, https://www.youtube.com/watch?v=v8igDoz76qQ, https://www.youtube.com/watch?v=hSM661AHRuI",https://www.ign.com/games/advance-wars (IGN: Advance Wars),Entertainment,N,multiplayer,site-specific,Mobile,Game Cartridge,,rlglove2@ncsu.edu
Advance Wars 2: Black Hole Rising,2003,Intelligent Systems,Kyoto,Japan,,"Advance Wars 2: Black Hole Rising is a sequel to Advance War for the Nintendo Gameboy Advance. A new campaign mode is the driving force behind the sequel, and gameplay is the same requiring players to defeat all enemies and complete special objectives. The modes from the first game are unchanged and present in the sequel (War Room and versus). Players can fight each other using a Game Boy advance Link Cable.","https://upload.wikimedia.org/wikipedia/en/e/e4/Aw2box.jpg, https://upload.wikimedia.org/wikipedia/en/thumb/f/fa/AW2Map.png/220px-AW2Map.png, https://assets.reedpopcdn.com/1_8xfc1ba.jpg/BROK/resize/1200x1200%3E/format/jpg/quality/70/1_8xfc1ba.jpg","https://www.youtube.com/watch?v=eX229GlIToA, https://www.youtube.com/watch?v=b-_4gFUr8yI",https://www.ign.com/games/advance-wars-2-black-hole-rising (IGN:  Advance Wars 2: Black Hole Rising),Entertainment,N,multiplayer,site-specific,Mobile,"Game Cartridge, Link Cable",Link Cable,rlglove2@ncsu.edu
Alien Revolt,2005,Mind Corporation,Rio de Janeiro,Brazil,N/A,"Hybrid reality game, which requires access to a GPRS network and a cell phone. Alien Revolt tells the story of a group of alien creatures who try to take over the Earth. Players can decide to join the human forces or the alien army, and choose between three classes of characters: Magus, Hacker, or Warrior, each of which has different attributes and abilities. Gameplay involves dueling opponents (who are within the 3km of proximity); however, the closer the opponent, the more likely that ""shots fired"" will be accurate. The purpose of gameplay is to kill opponents to gain points and to steal their possessions.",http://souzaesilva.com/wp-content/uploads/2021/01/download.jpg,,"https://journals.sagepub.com/doi/abs/10.1177/1046878109333723 (de Souza e Silva, Adriana, & Hjorth, L. (2009). Playful urban spaces: A historical approach to mobile games. Simulation & Gaming, 40(5), 602-625. doi:10.1177/1046878109333723), https://ieeexplore.ieee.org/document/4468731/ (A. de Souza e Silva, ""Alien Revolt (2005-2007): A Case Study of the First Location-Based Mobile Game in Brazil,"" in IEEE Technology and Society Magazine, vol. 27, no. 1, pp. 18-28, Spring 2008, doi: 10.1109/MTS.2008.918036), https://link.springer.com/content/pdf/10.1007/1-4020-5427-0_19.pdf (de Souza, A. (2007). Cell phones and places: The use of mobile technologies in Brazil. In Societies and cities in the age of instant access (pp. 295-310). Springer, Dordrecht.)",Entertainment,N,single-player,site-specific,Pervasive,Cell Phone,"GPRS, 3G, 2.5G",awaleed@ncsu.edu
Amazon,1982,BANDAI NAMCO,,Japan,,"A mobile handheld in the LCD Solar Power series by Bandai. This game flips open from a clamshell and features a small joystick. The player must jump travel throughout the Amazon while avoiding spiders, skeletons, crocodiles, and other threats to find treasure and earn points. Amazon (also known as Amazone) was on the double panel version of the LCD Solar Power.","https://www.picclickimg.com/d/l400/pict/152655959125_/Bandai-LCD-Handheld-Game-Solar-Power-Hikyo-Amazon.jpg, https://www.handheldmuseum.com/Bandai/Bandai-Amazone.jpg, https://i.ytimg.com/vi/B9gQs5bzBxk/maxresdefault.jpg",https://www.youtube.com/watch?v=a7E6LETq5Dg,https://www.handheldmuseum.com/Bandai/HikyoAmazon.htm (Handheld Museum: Bandai Hikyo Amazon or Amazone),Entertainment,N,single-player,site-specific,Mobile,Game Console,,rlglove2@ncsu.edu
Amidar,1981,Gakken,Tokyo,Japan,,"Amidar is a table top electronic game developed by Gakken. Amidar has similar features and gameplay resembling Pac-Man, with enemies that kill upon contact and a similar game board. Players control a painter avoiding pigs on even numbered levels and an ape avoiding headhunters on odd numbered levels. The console is gray and white, with a red action button, and a white joystick for control. Amidar is also an arcade game and is featured for various consoles.","https://www.handheldmuseum.com/Lansay/Lansay-Amidar.jpg, https://fr.shopping.rakuten.com/photo/1188032597_ML.jpg, https://cloud10.todocoleccion.online/videojuegos-y-consolas/tc/2016/06/27/01/31588143_33567962.jpg",https://www.youtube.com/watch?v=AKgFGVcybos,,Entertainment,N,single-player,site-specific,Handheld,Game Console,,rlglove2@ncsu.edu
Aquaplay,1980,,,,,"Aquaplay is a toy produced by Brinquedos Estrela SA that was popular all over the world during the 1980s. It consists of a small container, made of transparent plastic, filled with water and sealed. A button (or two, depending on the model) on the base activated a mechanism in order to do the task of the game.",https://br.pinterest.com/pin/362258363756324325/,https://www.youtube.com/watch?v=VNFDYvK8MBs,,Entertainment,N,multiplayer,site-specific,Mobile,,,jjfennim@ncsu.edu
Asphalt Urban GT,2004,Gameloft,Paris,France,https://www.mobygames.com/game/browser/asphalt-urban-gt_,"Asphalt Urban GT is a racing video game that features high octane street racing. Players can choose from nine sports cars and race in eight different cities. To take the top spot, players will have to  speed up by skimming by other cars or drifting around tight corners. Police will try to stop you as you race. The game was also released on the Nintendo DS as one of its launch titles. It was also released on the Nokia N-Gage.","https://www.mobygames.com/images/shots/l/1006404-asphalt-urban-gt-browser-screenshot-tokyo-race.png, https://www.mobygames.com/images/shots/l/1006399-asphalt-urban-gt-browser-screenshot-title-screen.png, https://www.mobygames.com/images/shots/l/1006402-asphalt-urban-gt-browser-screenshot-car-selection.png, https://www.mobygames.com/images/shots/l/1006407-asphalt-urban-gt-browser-screenshot-the-police-on-the-chase.png",,,Entertainment,N,single-player,site-specific,Mobile,Cell Phone,Internet,jjfennim@ncsu.edu
Atari Lynx,1989,Atari,Sunnyvale,United States,,"16-bit handheld game console that was released by Atari Corporation in September 1989 in North America, and in Europe and Japan in 1990. It was the world's first handheld electronic game with a color LCD. It has a right and left handed configuration and the ability to zoom and alter in game sprites (Sprites are two-dimensional images or animations overlaid into a scene). Multiplayer was a main draw of the system's capabilities, allowing for up to 18 players using the Comlynx cord. A more compact version released as well.","https://s.yimg.com/os/creatr-uploaded-images/2021-08/3f555ab0-01cb-11ec-95de-fcf7f693d9bb, https://i.ytimg.com/vi/_oNkH6dwgus/maxresdefault.jpg, https://dyn1.heritagestatic.com/lf?set=path%5B2%2F3%2F6%2F1%2F7%2F23617753%5D&call=url%5Bfile%3Aproduct.chain%5D","https://www.youtube.com/watch?v=3LuOQ8eh26g, https://www.youtube.com/watch?v=s0Ub-qPDDeE","https://www.engadget.com/2019-08-30-atari-lynx-30-year-anniversary.html (The Atari Lynx’s 30th birthday gift is a bunch of new games), https://www.atari.io/atari/atari-lynx/ (Atari Lynx 16-Bit Portable Color Video Game System), https://www.usgamer.net/articles/too-good-for-its-day-ataris-lynx-remains-a-fan-favorite-25-years-later (Too Powerful for Its Own Good, Atari's Lynx Remains a Favorite 25 Years Later)",Entertainment,N,multiplayer,site-specific,Mobile,Game Console,Cord,rlglove2@ncsu.edu
Backgammon,1984,Gakken,Tokyo,Japan,,"Handheld game/console which allows gameplay of the traditional board game, Backgammon. This handheld has an LCD display. The game is single-player, requiring the player to play against the built in computer.","https://www.handheldmuseum.com/Gakken/Gakken-BackgammonBox.jpg, https://www.handheldmuseum.com/Tandy/Tandy-Backgammon.jpg",https://www.youtube.com/watch?v=JheE40sQh3E,http://electro-gammon.net/gakken-backgammon/ (Electro-Gammon: Gakken Backgammon),Entertainment,N,single-player,site-specific,Mobile,Game Console,,rlglove2@ncsu.edu
Balloon Kid,1990,Nintendo,Tokyo,Japan,,"Balloon Kid is a flying platforming game for the Nintendo Game Boy. The goal of the game is for players to control Alice (the Balloon Kid) as she floats through a side scrolling level as she collects balloons and avoids obstacles, and in the end land safely with as many balloons as possible. A two player mode is available where two players race to see who can collect the most balloons. Alice can drop her balloons and walk if needed, in order to avoid obstacles.","https://upload.wikimedia.org/wikipedia/en/0/08/Balloon-kid.jpg, https://upload.wikimedia.org/wikipedia/en/thumb/3/38/Balloon_kid_gameplay.PNG/175px-Balloon_kid_gameplay.PNG, https://static.wikia.nocookie.net/balloon-fight/images/7/76/BK_Cartridge_Front.jpg/revision/latest?cb=20190505222723",https://www.youtube.com/watch?v=4MnscS9_ZOw,,Entertainment,N,multiplayer,site-specific,Mobile,"Game Cartridge, Game Console",,rlglove2@ncsu.edu
Banana Boat,1982,Takara,Tokyo,Japan,,"Banana Boat is a handheld game console developed by Takara. Players use the two action buttons to control their character. The system has a clock built in and the ability to link up to four consoles together to play multiplayer, using a cable that comes in box.","https://www.handheldmuseum.com/Takara/Takara-BananaBoat.jpg, http://handheldempire.com/400x300/game_instance_images/1523_4841_1375903196091_Takara_Banana_Boat.jpg",,,Entertainment,N,multiplayer,site-specific,Handheld,"Game Console, Link Cable",,rlglove2@ncsu.edu
Bandai Escape from the Devil's Doom,1982,BANDAI NAMCO,,,,"Solar powered handheld console produced by Bandai for their LCD Solar Power series. In this game the player must dodge obstacles to earn points and eventually reach Heaven. The handheld alo goes by Tengoku & Jigoku, which is a Japanese translation  ""heaven or hell.""","https://i.ytimg.com/vi/BW7HN7jZdzk/maxresdefault.jpg, https://consolevariations.com/storage/images/variations/consoles/lcd-solarpower-escape-from-the-devils-doom/large/lcd-solarpower-escape-from-the-devils-doom-1573082341-37.jpeg",https://www.youtube.com/watch?v=jnBZEJIZ7Og,http://handheldempire.com/game.jsp?game=347 (Handheld Empire: Escape from the Devil's Doom),Entertainment,N,single-player,site-specific,Mobile,Game Console,,rlglove2@ncsu.edu
Bandai Invader of the Mummy's Tomb LCD Solarpower,1982,BANDAI NAMCO,,Japan,,"Invader of the Mummy's Tomb is the smallest handheld game created by Bandai for their LCD Solarpower handheld.  Gameplay involves controlling an explorer in a pyramid to destroy snakes, scorpions, spiders, and mummy's for points. If the player defeats enough enemies, they can reach the hidden treasure in the pyramid to earn even more points. Bandai possibly created this game to capitalize on the popularity of Indiana Jones and the Raiders of the Lost Arc.","https://consolevariations.com/storage/images/variations/consoles/lcd-solarpower-invaders-of-the-mummys-tomb/large/lcd-solarpower-invaders-of-the-mummys-tomb-other-1573081877-20.jpeg, https://i.ytimg.com/vi/tv8Yr_-KlAM/maxresdefault.jpg, http://electronicplastic.com/_images/450/bandai/_box/InvadersMummysTomb-front.jpg","https://www.youtube.com/watch?v=x-2HGasFGKQ, https://www.youtube.com/watch?v=lFTByQErLwY",http://handheldempire.com/game.jsp?game=284 (Handheld Empire: Invaders of the Mummy's Tomb),Entertainment,N,single-player,site-specific,Mobile,Game Console,,rlglove2@ncsu.edu
Batman (Grandstand),1989,Grandstand,,United Kingdom,,"This handheld game was released in 1989 and featured a game based off the Batman film that released the same year. This is an arcade style fighting game, where the player controls Batman and beats up enemies and avoids obstacles. The handheld had 7 buttons, 4 for movement, 1 for attacking, and 2 mode buttons. Two AAA batteries are required for powering the system, and there are 9 modes of difficulty in the game.","https://www.picclickimg.com/d/l400/pict/164825921022_/Rare-Grandstand-LCD-Batman-Fight-Game-1989-Boxed.jpg, https://www.picclickimg.com/d/l400/pict/224775153393_/Vintage-Rare-Grandstand-Batman-1989-Retro-Handheld-Game.jpg, https://thumbs.worthpoint.com/zoom/images1/360/0913/25/batman-lcd-handheld-game-grandstand_360_f70fea190c14f317cf871082bde03dab.jpg",https://www.youtube.com/watch?v=ftBxJ7VFhQc,https://www.retrogames.co.uk/016496/Handheld/Batman-by-Grandstand (Retro Games UK),Entertainment,N,single-player,site-specific,Mobile,Game Console,,ejstanle@ncsu.edu
Bejeweled Multiplayer,2001,"JAMDAT, Demivision",,United States,N/A,"Bejeweled Multiplayer is an evolution of the classic game Bejeweled that allows the player to participate in one-on-one competitions and watch their friends compete in games. The objective of the game is to rotate different colors of gems in order to make them form horizontal or vertical lines of the same color. Once matched with gems of the same color, the sets will disappear and new gems will fall into their place. Various power-up gems can be obtained by creating large sequences of gems throughout the game, allowing the player to eliminate larger amounts of gems at a time.","https://www.google.com/search?q=bejeweled+multiplayer&sxsrf=ALeKk03lhX8RGxGaU62np7IiqjFzPOwHEQ:1613351627562&source=lnms&tbm=isch&sa=X&ved=2ahUKEwjj_aGV2-ruAhXJt1kKHYhmC4IQ_AUoA3oECAUQBQ&biw=1440&bih=789#imgrc=jWyeQm8ZkhbvIM, https://www.google.com/search?q=bejeweled+multiplayer&sxsrf=ALeKk03lhX8RGxGaU62np7IiqjFzPOwHEQ:1613351627562&source=lnms&tbm=isch&sa=X&ved=2ahUKEwjj_aGV2-ruAhXJt1kKHYhmC4IQ_AUoA3oECAUQBQ&biw=1440&bih=789#imgrc=FiaD69vGDPdD_M, https://www.google.com/search?q=bejeweled+multiplayer&sxsrf=ALeKk03lhX8RGxGaU62np7IiqjFzPOwHEQ:1613351627562&source=lnms&tbm=isch&sa=X&ved=2ahUKEwjj_aGV2-ruAhXJt1kKHYhmC4IQ_AUoA3oECAUQBQ&biw=1440&bih=789#imgrc=_R1tUQU6t1AjJM",https://www.youtube.com/watch?v=t8BlHo-PEz0,"https://www.verizon.com/about/news/jamdat-mobiles-bejeweled-multiplayer-now-available-verizon-wireless-get-it-now-customers (JAMDAT Mobile's Bejeweled Multiplayer Now Available to Verizon Wireless Get It Now Customers), https://www.gamespot.com/reviews/bejeweled-multiplayer-review/1900-6094028/ (Bejeweled Multiplayer Review), https://bejeweled.fandom.com/wiki/Bejeweled_Multiplayer (Bejeweled Multiplayer)",Entertainment,N,multiplayer,site-specific,Mobile,"Computer, Cell Phone",Internet,jjfennim@ncsu.edu
Big Urban Game,2003,University of Minnesota's Design Institute,St. Paul,United States,https://www.katiesalen.me/big-urban-game,"Big Urban Game (B.U.G.) consisted of a 5-day event occurring across the streets of Minneapolis and St. Paul in 2003 (Lantz, 2006); 200 square miles became a gameboard, transforming everyday spaces into a place for play. Three teams raced large, 25-foot-tall red, yellow, and blue inflatable game pieces through the cities orchestrated by public decisions registered on the B.U.G. Web site. The aim of B.U.G. is for teams to visit all the sites in the quickest time. It is up to the players to decide how they will move from site to site and, therefore, achieve the game’s goal.","https://images.squarespace-cdn.com/content/v1/5a0f60ff80bd5e400d803d10/1511413305804-76JHP0A47ZB54R6OI80B/ke17ZwdGBToddI8pDm48kDnrEEhVia6EQe4EeMGMQtp7gQa3H78H3Y0txjaiv_0fDoOvxcdMmMKkDsyUqMSsMWxHk725yiiHCCLfrh8O1z4YTzHvnKhyp6Da-NYroOW3ZGjoBKy3azqku80C789l0k6sq9GEl9ZUDkp1sRKcAyKKXw_fCDjYhBvW5rGPTi06G-Nau3cvhjd8SdYvC0FA8g/BUG_3.jpg?format=1000w, https://i.pinimg.com/564x/98/2b/01/982b01c4284d921953cc8f2d888cad29.jpg, https://images.squarespace-cdn.com/content/v1/5a0f60ff80bd5e400d803d10/1511153958973-IR0007CDIDRWERVTMJ6H/ke17ZwdGBToddI8pDm48kJDpth-7nWODR5W82XD07U17gQa3H78H3Y0txjaiv_0fDoOvxcdMmMKkDsyUqMSsMWxHk725yiiHCCLfrh8O1z5QHyNOqBUUEtDDsRWrJLTmTl_ALRZE0UkEheIF40jl8hTMm8XXF5PgAz-E2noghwsxHim6rFKT7B48jfHs6qRn/bigurbangame_map.jpg?format=1000w",https://www.youtube.com/watch?v=2opyxELpaHM,"https://gothamist.com/miscellaneous/bug-big-urban-game (Report, Gothamist (2003)), https://journals.sagepub.com/doi/abs/10.1177/1046878109333723 (de Souza e Silva, Adriana, & Hjorth, L. (2009). Playful urban spaces: A historical approach to mobile games. Simulation & Gaming, 40(5), 602-625. doi:10.1177/1046878109333723), https://journals.sagepub.com/doi/abs/10.1177/1354856511414342 (Hjorth, L. (2011). Mobile@game cultures: The place of urban mobile gaming. Convergence, 17(4), 357–371. https://doi.org/10.1177/1354856511414342), https://boingboing.net/2003/09/06/big-urban-game-using.html (Report, BoingBoing (2003)), https://www.researchgate.net/publication/293532511_The_Big_Urban_Game (Analysis, ResearchGate (2003))","Entertainment, Research",N,single-player,site-specific,Urban,Computer,,
Black Knight Pinball,1982,Entex,"Compton, CA",USA,,"Black Knight Pinball is an electronic handheld pinball game, based off the arcade game of the same name, developed by Entex. The handheld has 4 different skill levels and realistic pinball flappers that tilt if they are pressed too fast. The device is black with red flipper buttons, and a yellow shoot button. A portrait of a knight on a horse is underneath the lights needed to play.","https://junksave.com/files/styles/large_750/public/picks/entex-black-knight-pinball-led-handheld-tabletop-electronic-game-rare_10.jpg, https://thumbs.worthpoint.com/zoom/images1/1/0318/04/entex-black-knight-pinball-tabletop_1_a9505d5e5c2eed6347667f55dd1d1673.jpg",,,Entertainment,N,single-player,site-specific,Handheld,Game Console,,rlglove2@ncsu.edu
Black-Jack 21,1992,Radio Shack,,,,"Early electronic blackjack game. Radio Shack created similar devices, such as blackjack calculators, as well.","https://i.pcmag.com/imagery/lineupitems/02ouWojoldWLgTvZjKQBUMA.1569507507.fit_lim.size_800x440.jpg, https://i.ytimg.com/vi/n3DYem5VQf8/mqdefault.jpg, https://e0ef2a766f937f9bdd63-fe6ea68df526f834b93e1efab96004ba.ssl.cf1.rackcdn.com/97835109_blackjack-electronic-handheld-game-by-radio-shack-fully-.jpg",https://www.youtube.com/watch?v=n3DYem5VQf8,"https://americanhistory.si.edu/collections/search/object/nmah_334462 (Smithsonian Blackjack Calculator), https://www.pcmag.com/news/7-awesome-portable-electronic-games-of-the-1990s (7 Awesome Portable Electronic Games of the 1990s)",Entertainment,N,single-player,site-specific,Handheld,Game Console,,jjfennim@ncsu.edu
BlackBerry 5810,2002,BlackBerry,Waterloo,Canada,https://www.blackberry.com/us/en,"Monochrome mobile phone, runs Java platform, and 2G capable. One of the first smartphones it was mainly reserved for business due to its high $500 price point. The phone lacked a built-in microphone and speaker, but it came with a headset.","https://cdn.chass.ncsu.edu/sites/mglab.chass.ncsu.edu/IMG_3113.JPG, https://i.pcmag.com/imagery/lineupitems/05z7g00cH9B1mjt2nGTSKys.1569507992.fit_lim.size_1050x578.jpg, https://biztechmagazine.com/sites/default/files/Q0416-BT-TOT-BlackBerry_When.jpg",https://www.youtube.com/watch?v=95nv2KQD9SM,"http://www.blackberry.com/news/connection/200201.shtml (The New BlackBerry 5810 Wireless Handheld), https://biztechmagazine.com/article/2016/11/blackberry-5810-kickstarted-mobile-work-era (BlackBerry 5810 Kickstarted the Mobile Work Era), https://uk.pcmag.com/first-looks/30688/blackberry-5810 (PC Magazine: BlackBerry 5810 Review)","Entertainment, Interaction, Education, Art",N,multiplayer,site-specific,Mobile,Cell Phone,"GPRS, SMS, Voice, Voicemail, Internet",ejstanle@ncsu.edu
Blast It,1980,Entex,"Compton, CA",USA,,"Blast It is a handheld electronic game developed by Entex. Gameplay is identical to other breakout games, in which a player would move a platform and bounce a ball to break objects above them. The console is white with 3 red directional buttons. All lights on the console are red and score is kept by 1s.","https://www.handheldmuseum.com/Entex/Entex-BlastIt.jpg, https://www.handheldmuseum.com/Entex/Entex-BlastItBox.jpg, https://www.picclickimg.com/d/l400/pict/154866177642_/Ultra-Rare-Entex-Blast-It-Vintage-1980-Handheld.jpg",https://www.youtube.com/watch?v=4waXsv16OTc,,Entertainment,N,single-player,site-specific,Handheld,Game Console,,rlglove2@ncsu.edu
Botfighters,2001,It's Alive!,Stockholm,Sweden,No website for game currently exists,"Botfighters is considered the first location-based mobile game. It was designed as an urban, massively multiplayer online role-playing game (MMORGP) which ""uses GSM Network Cell identification"" to find nearby players. The objective of the game was to locate, in the city, other player-robots and to engage in a battle to destroy them by ""shooting"" them. A successful shot gave depended on the players' distance to one another and the characters' strength. Players gain points by battling, and points allows players to purchase defensive protections, such as armors and shields. The game is ""always-on,"" which means that a player can be attacked at any time and in any place where other players convene. Attack and counter-attacks were carried out by SMS commands initially, but later the game upgraded to a Java-based application.","https://dasbox.be/assets/encyclopedie/botfighters_site-01.jpg, https://alchetron.com/cdn/botfighters-357ea0c4-f15e-400c-94d5-21ab8020967-resize-750.jpeg, https://alchetron.com/cdn/botfighters-efc3f4b4-89aa-45bf-a59e-0295b497dbd-resize-750.png, https://d3i71xaburhd42.cloudfront.net/b5b72761d9bd605fea0fdf0292db3c9e9bd9d489/250px/3-Figure1-1.png, https://d3i71xaburhd42.cloudfront.net/b5b72761d9bd605fea0fdf0292db3c9e9bd9d489/250px/3-Figure2-1.png",,"https://journals.sagepub.com/doi/abs/10.1177/1555412006286892 (Elverdam, C., & Aarseth, E. (2007). Game classification and game design: Construction through critical analysis. Games and Culture, 2(1), 3-22.), http://www.digra.org/wp-content/uploads/digital-library/05164.14477.pdf (Sotamaa, O. (2002). All The World's A Botfighter Stage: Notes on Location-based Multi-User Gaming. CGDC Conf.), https://journals.sagepub.com/doi/abs/10.1177/1555412006290443 (de Souza e Silva, A., & Delacruz, G. C. (2006). Hybrid Reality Games Reframed: Potential Uses in Educational Contexts. Games and Culture, 1(3), 231–251.), https://www.computerworld.com/article/2572812/mobile-games-offer-new-horizons-to-developers.html (Article, ComputerWorld (2003)), https://www.theguardian.com/technology/2002/aug/15/electronicgoods.games (Article, The Guardian (2002)), https://www.wired.com/2002/02/have-cell-phone-will-shoot/ (Article, Wired (2002)), https://news.cision.com/its-alive-mobile-games/r/it-s-alive-and-dna-launch-finland-s-first-location-based-mobile-game,c51699 (Review, Cision News (2001)), https://ebookcentral.proquest.com/lib/ncsu/detail.action?docID=534907 (Stenros, J., & Montola, M. Case D. (pp. 73-75) Elsevier Science & Technology.), doi:10.1016/B978-0-12-374853-9.00021-0), https://ieeexplore.ieee.org/abstract/document/4468731/ (de Souza e Silva, A. (2008). Alien revolt (2005-2007): A case study of the first location-based mobile game in Brazil. IEEE Technology and Society Magazine, 27(1), 18-28.)",Entertainment,N,single-player,site-specific,"Pervasive, Location-based",Cell Phone,GSM,
Brain Age: Train Your Brain in Minutes a Day!,2005,Nintendo,Kyoto,Japan,,"Brain Age is a mobile puzzle game developed by Nintendo for the Nintendo DS. Gameplay involves various puzzles, games, and questions focused on keeping certain parts of the brain active. Players would hold the DS on its side like a book and interact with games via the touch screen. Players could earn stamps and rewards for doing well on puzzles. Brain Age features voice control, age and date monitoring for puzzles, and was intended to be played everyday. Brain Age was the 4th best selling game on the Nintendo DS with 19.01 million units sold according to Nintendo.","https://upload.wikimedia.org/wikipedia/en/e/ef/NDS_BrainTrainingForAdults.jpg, https://m.media-amazon.com/images/I/61uu31GgoFL._SL1000_.jpg, https://tcrf.net/images/c/cb/Brain_Age_Train_Your_Brain_in_Minutes_a_Day%21-title.png","https://www.youtube.com/watch?v=8EeU92dl9ME, https://www.youtube.com/watch?v=KupNZ8AGPRs","https://www.ign.com/games/brain-age-train-your-brain-in-minutes-a-day/articles (IGN: Brain Age), https://www.nintendo.co.jp/ir/en/finance/software/ds.html (List of best-selling Nintendo DS games), https://web.archive.org/web/20100602140737/http://technology.timesonline.co.uk/tol/news/tech_and_web/gadgets_and_gaming/article5587314.ece (Nintendo brain-trainer 'no better than pencil and paper')","Entertainment, Education",N,single-player,site-specific,Handheld,Game Console,,jjfennim@ncsu.edu
Breakout for Two,2002,"Media Lab Europe, MIT","Cambridge, MA",USA,,"A cross between soccer, tennis, and the game Breakout, in this game the player must use their stamina to kick a ball and break a picture of another player. The picture is made up of blocks.","https://web.media.mit.edu/~stefan/hc/projects/breakoutfortwo/breakout.for.two.big.kick.jpg, https://web.media.mit.edu/~stefan/hc/projects/breakoutfortwo/breakout.for.two.you.win.jpg, http://www.exertioninterfaces.com/sports_over_a_distance/images/framework.gif",https://www.youtube.com/watch?v=Z8cASgpFQgM,"https://www.researchgate.net/publication/228843548_Breakout_for_Two_An_example_of_an_Exertion_Interface_for_Sports_over_a_Distance (Breakout for Two: An example of an Exertion Interface for Sports over a Distance), http://www.exertioninterfaces.com/sports_over_a_distance/breakout_for_two.htm (Sports over a Distance: Breakout for Two), https://web.media.mit.edu/~stefan/hc/projects/breakoutfortwo/ (Breakout for Two MIT)","Entertainment, Education, Team-based",N,multiplayer,site-specific,Hybrid Reality,Sensor,Internet,ejstanle@ncsu.edu
Bubble Bobble (Game Gear),1994,Taito,Tokyo,Japan,,"Bubble Bobble is a classic platform arcade game that was ported to the Sega Game Gear in 1994. Players must control two dragons/dinosaurs in order to beat enemies and advance through all 100 levels. At the end of the game players have to beat a boss and can get 1 of 2 endings depending on if there are 1 or 2 players. Bubble Bobble is one of the first games to feature multiple endings. Bubble Bobble is one of the most ported games in history, being featured on numerous consoles.","https://1.bp.blogspot.com/-jSSt5dJjfqA/XpifHG7P81I/AAAAAAAAXjg/uGp3EQv16Ns9pz-wC-WHdRdR0B9PRBcAACLcBGAsYHQ/s1600/fullsizeoutput_f43.jpeg, https://www.mobygames.com/images/shots/l/381649-bubble-bobble-game-gear-screenshot-level-2.png",https://www.youtube.com/watch?v=dMDLhdNnI6k,"http://www.thegaygamer.com/2021/01/bubble-bobble-game-gear-manual-stimulation.html (Game Manual), https://retrododo.com/best-sega-game-gear-games/ (20 Best Sega Game Gear Games Of All Time)",Entertainment,N,multiplayer,site-specific,Mobile,Game Console,,logan.donner.brown@gmail.com
Can You See Me Now?,2001,"Blast Theory, Mixed Reality Lab (University of Nottingham)",Sheffield,United Kingdom,https://www.blasttheory.co.uk/projects/can-you-see-me-now/ (Can you see me now? | Blast Theory),"Multiplayer hybrid reality game, in which players (called ""runners"") navigate a city with the goal of catching a remote, online player. While online players explored a 3D model of Sheffield on a computer, runners moved in the physical city using a personal digital assistant (PDA) equipped with both Global Positioning System (GPS) and a walkie-talke. Runners could see the location of online players on the PDA map and coordinate with each other via the walkie-talkie. The aim of online players not to be caught or seen by runners. If an online player got caught by a 'runner' they were knocked out of the game. The game has been re-enacted in many cities throughout the world, since its original release in Sheffield.","https://www.blasttheory.co.uk/wp-content/uploads/2013/02/project_cysmn_secondary-625x450.jpg, https://www.blasttheory.co.uk/wp-content/uploads/2013/07/press_CYSMN_3-800x600.jpg, https://www.blasttheory.co.uk/wp-content/uploads/2013/06/project_ci_featured-950x534.jpg, https://jessicaplume.files.wordpress.com/2011/11/screen-shot-2011-11-07-at-12-17-09-am.png",https://vimeo.com/5489402,"https://www.blasttheory.co.uk/wp-content/uploads/2003/02/2003-research_coping_with_uncertainty.pdf (Benford, S. et al. (2003). Coping with uncertainty in a location-based game. IEEE Pervasive Computing, 2(3), 34-41. doi:10.1109/mprv.2003.1228525), https://jessicaplume.wordpress.com/2011/10/25/blast-theory-can-you-see-me-now/ (Blog, Jessica Plume (2011)), https://www.blasttheory.co.uk/wp-content/uploads/2016/07/Review_CYSMN_pervasive-computing_09-2003.pdf (Review, Pervasive Computing (2003)), https://ieeexplore.ieee.org/abstract/document/6848080 (Yu, C., Xu, Y., Liu, B., & Liu, Y. (2014, April). “Can you SEE me now?” A measurement study of mobile video calls. In IEEE INFOCOM 2014-IEEE Conference on Computer Communications (pp. 1456-1464). IEEE), https://onlinelibrary.wiley.com/doi/book/10.1002/9781118475249#page=445 (Flanagan, Mary. “Critical Play.” A Companion to Digital Art, 2016, pp. 445–459., doi:10.1002/9781118475249.ch20), https://www.blasttheory.co.uk/wp-content/uploads/2016/07/Review_CYSMN_TimeOut-Chicago_12-2003-01-2004.pdf (Review, TimeOut Chicago (2004)), https://www.blasttheory.co.uk/wp-content/uploads/2016/07/Review_CYSMN_The-Globe-and-Mail_16-09-2004_.pdf (Review, The Globe and Mail (2004)), https://www.blasttheory.co.uk/wp-content/uploads/2016/07/Review_CYSMN_Creation-International_28-10-2003.pdf (Review, Creation International (2003)), https://www.blasttheory.co.uk/wp-content/uploads/2002/02/2007-research_staging_and_evaluating_public_performances.pdf (Benford, S. et al. (2002). Staging and evaluating public performances as an approach to CVE research. Paper presented at the 80-87. doi:10.1145/571878.571891), https://www.blasttheory.co.uk/wp-content/uploads/2016/07/Review_CYSMN_BBC-Arts_12-04-2004.pdf (Review, BBC Arts (2004)), http://www.artfutura.org/02/04blasttheory_en.html (Article, ArtFutura (2004)), https://www.blasttheory.co.uk/wp-content/uploads/2016/07/Review_CYSMN_Metro_2004_2007.pdf (Review, Metro (2004-2007)), https://www.blasttheory.co.uk/wp-content/uploads/2016/07/Review_CYSMN_Lancashire-Evening-Post_.pdf (Review, Lancashire Evening Post (2007)), https://www.blasttheory.co.uk/wp-content/uploads/2016/07/Review_CYSMN_Interactive-Art_2003.pdf (Review, Interactive Art (2003)), https://doi.org/10.4324/9780367855055 (Glover-Rijkse, R. ""You Start it. A Dialogue with Nick Tandavanitj from Blast Theory"". Hybrid Play, 2020, pp. 15-29), https://www.blasttheory.co.uk/wp-content/uploads/2015/03/Performance-Led-Research-in-the-Wild-2013.pdf (Benford, S. et al. (2013). Performance-led research in the wild. ACM Transactions on Computer-Human Interaction, 20(3), 1-22. doi:10.1145/2491500.2491502), https://www.blasttheory.co.uk/wp-content/uploads/2016/07/Review_CYSMN_Worthing-Herald_23-09-2004.pdf (Review, Worthing Herald (2004)), https://www.blasttheory.co.uk/wp-content/uploads/2016/07/Review_CYSMN_The-Virtual-Brighton-Magazine_01-11-2004.pdf (Review, Virtual Brighton Magazine (2004)), https://www.blasttheory.co.uk/wp-content/uploads/2016/07/Review_CYSMN_Sonar_Issue-014_15-17062006.pdf (Review, Sonar Issue (2006)), https://www.lemonde.fr/technologies/article/2010/02/05/jeu-serieux-les-nouvelles-formes-de-jeu_1301816_651865.html (Article, Le Monde (2010)), https://dl.acm.org/doi/abs/10.1145/1143518.1143522 (Benford, S. et al. (2006). Can you see me now?. ACM Transactions on Computer-Human Interaction (TOCHI), 13(1), 100-133), https://www.blasttheory.co.uk/wp-content/uploads/2016/07/Review_CYSMN_Communications-Of-The-ACM_03-2005.pdf (Review, Communication of the ACM (2005)), https://www.blasttheory.co.uk/wp-content/uploads/2016/07/Review_Chicago-Sun-Times_2006.pdf (Review, Chicago Sun Times (2006)), https://journals.sagepub.com/doi/abs/10.1177/0270467607311484 (Tufekci, Z. (2008). Can you see me now? Audience and disclosure regulation in online social network sites. Bulletin of Science, Technology & Society, 28(1), 20-36), https://www.blasttheory.co.uk/wp-content/uploads/2016/07/Review_CYSMN_Artstate_Winter-2003.pdf (Review, Art State (2003)), https://www.bijt.org/wordpress/wp-content/uploads/2012/03/De_Lange-The-Mobile-City-project-and-urban-gaming_Second_Nature_2009.pdf (Review, The Mobile City (2009)), https://www.blasttheory.co.uk/wp-content/uploads/2016/07/Review_CYSM_Art-Monthly_2003-2004.pdf (Review, Art Monthly (2003-2004)), https://www.blasttheory.co.uk/wp-content/uploads/2016/07/Review_CYSMN_West-Sussex-Gazette_23092004.pdf (Review, West Sussex Gazette (2004)), https://www.blasttheory.co.uk/wp-content/uploads/2004/02/2004-research_orchestrating_mixed_reality.pdf (Crabtree, A. et al. (2004). Orchestrating a mixed reality game 'on the ground'. Paper presented at the 391-398. doi:10.1145/985692.985742), https://www.blasttheory.co.uk/wp-content/uploads/2016/07/Review_CYSMN_Wired_25-12-2003.pdf (Review, Wired (2003)), https://www.blasttheory.co.uk/wp-content/uploads/2016/07/Review_CYSMN_PAMreBlog_20-06-2006.pdf (Review, [PAM]reBlog (2006)), https://www.blasttheory.co.uk/wp-content/uploads/2016/07/Review_CYSMN_AudioHyperspace_062004.pdf (Review, Audio Hyperspace (2004)), https://www.blasttheory.co.uk/wp-content/uploads/2016/07/Review_CYSMN_Rocky-Mountain-Outlook_10-08-2006.pdf (Review, Rocky Mountain Outlook (2006)), https://www.blasttheory.co.uk/wp-content/uploads/2016/07/Review_CYSMN_The-Bannf-Crag-Cayon.pdf (Review, The Bannf Crag & Canyon (2006))",Art,N,single-player,site-specific,"Location-based, Hybrid Reality, Urban","PDA, Handheld transceiver, Computer","3G, GPS",
Castle's Adventure,1984,Sunwing,,China,,Castle's Adventure is an electronic handheld game made by the Chinese company Sunwing. The polarizing filter over the LCD screen can flip up from the device.,"https://www.handheldmuseum.com/Sunwing/Sunwing-CastlesAdventure.jpg, https://www.handheldmuseum.com/Sunwing/Sunwing-CastlesAdventureBox.jpg",,"http://handheldempire.com/game.jsp?game=1477 (Handheld Empire), https://www.handheldmuseum.com/Sunwing/CastlesAdventure.htm (Handheld Museum)",Entertainment,N,single-player,site-specific,Handheld,Game Console,,jjfennim@ncsu.edu
Castlevania II: Belmont's Revenge,1991,Konami,Kyoto,Japan,,"Castlevania II: Belmont's Revenge is the sequel to Castlevania: The Adventure for the Nintendo Game Boy. Players traverse through side-scrolling levels in order to save Christopher Belmont's kidnapped son from Count Dracula. Belmont has a whip, holy water, and throwable axes to be used against enemies and level bosses. Belmont's Revenge utilizes a passcode based saving system adn features four levels, each with a unique theme and traps. Players can complete the levels in any order.","https://upload.wikimedia.org/wikipedia/en/thumb/7/76/Castlevania_II_Belmont%27s_Revenge.jpg/220px-Castlevania_II_Belmont%27s_Revenge.jpg, https://upload.wikimedia.org/wikipedia/en/e/e4/Tn_belmontsrevenge.png",https://www.youtube.com/watch?v=dSaorGLcjrc,,Entertainment,N,single-player,site-specific,Handheld,Game Cartridge,,rlglove2@ncsu.edu
Castlevania Legends,1997,Konami,Tokyo,Japan,,"Castlevania Legends is the third Castlevania game released for the Nintendo Game Boy. Gameplay requires players to traverse through side-scrolling levels, while defeating enemies and collecting items. The plot revolves around Sonia Belmont's quest to defeat Count Dracula in Transylvania during the Middle-Ages. Legends is single-player, incorporates password based save states, and has two difficulties (regular or invincible.)","https://upload.wikimedia.org/wikipedia/en/thumb/2/28/Castlevania_Legends.jpg/220px-Castlevania_Legends.jpg, https://upload.wikimedia.org/wikipedia/en/1/1e/CastlevaniaLegendsGBpic.jpg, https://i.ytimg.com/vi/GKo5_9fQl2E/hqdefault.jpg",https://www.youtube.com/watch?v=l4cy_A6eTYE,,Entertainment,N,single-player,site-specific,Handheld,Game Cartridge,,rlglove2@ncsu.edu
Castlevania: Harmony of Dissonance,2002,Konami,Kyoto,Japan,,"Castlevania: Harmony of Dissonance is a side-scrolling platform game fore the Nintendo Game Boy Advance. The plot revolves around Juste Belmont and his quest to retrieve a kidnapped friend. Players traverse through castles filled with monsters and obstacles while using a whip and a variety of other weapons and spells in order to reach the end. Role-playing elements are present in Harmony of Dissonance, the player receives experience points for defeating mini-bosses and bosses, which allow for an increase in health and damage. Two additional game modes are available, a boss rush mode, where the player must defeat all bosses in order, and Maxim mode, where the player controls Maxim, a character with more mobility but less weapon accessibility.","https://upload.wikimedia.org/wikipedia/en/thumb/f/ff/Castlevania_HoD_NA_Cover.jpg/220px-Castlevania_HoD_NA_Cover.jpg, https://upload.wikimedia.org/wikipedia/en/thumb/e/ed/Castlevania_Harmony_of_Dissonance_%28gameplay%29.jpg/220px-Castlevania_Harmony_of_Dissonance_%28gameplay%29.jpg, https://nintendobound.files.wordpress.com/2019/07/harmony_dissonance3.png, https://thewiredfish.files.wordpress.com/2012/02/harmony-of-dissonance-3.jpg",https://www.youtube.com/watch?v=siIAivGSySs,,Entertainment,N,single-player,site-specific,Handheld,Game Cartridge,,rlglove2@ncsu.edu
Castlevania: Portrait of Ruin,2006,Konami,Kyoto,Japan,,"Castlevania: Portrait of Ruin is a side-scrolling platformer for the Nintendo DS, and a continuation of Castlevania: Bloodlines for the Sega Genesis. Players can swap between and control Johnathan and Charlotte as they aim to defeat Dracula. The story takes place during World War II, introducing more modern technologies to the series. Players must strategically use both characters in order to defeat enemies, solve puzzles, and avoid/destroy obstacles. A co-op boss rush mode and shop is available through the Nintendo Wi-Fi connection.","https://upload.wikimedia.org/wikipedia/en/thumb/f/f2/Portrait_of_Ruin.jpg/220px-Portrait_of_Ruin.jpg, https://upload.wikimedia.org/wikipedia/en/thumb/1/16/CPoR-BattleScreen.jpg/150px-CPoR-BattleScreen.jpg, https://gamespot.com/a/uploads/screen_small/mig/8/2/6/4/2078264-169_castlevaniapor_ot_ds_050906.jpg",https://www.youtube.com/watch?v=J4p4J7pPEmQ,,Entertainment,N,multiplayer,site-specific,Handheld,Game Cartridge,Wi-Fi,rlglove2@ncsu.edu
Castlevania: The Adventure,1989,Konami,Kyoto,Japan,https://www.nintendo.co.uk/Games/Game-Boy/Castlevania-The-Adventure-275528.html,"Castlevania: The Adventure is the first Castlevania game released for the Nintendo Game Boy. Players traverse through side-scrolling levels as they control Christopher Belmont in his quest to defeat Count Dracula. Gameplay requires the player to upgrade their whip and collect hearts to restore health. Their are four stages in the game, each with a time limit and final boss. The player completes the game when they defeat Dracula.","https://upload.wikimedia.org/wikipedia/en/thumb/a/ad/Castlevania_Adventureboxing.jpg/220px-Castlevania_Adventureboxing.jpg, https://upload.wikimedia.org/wikipedia/en/3/39/Castlevania_the_Adventure_gameplay.png, https://fs-prod-cdn.nintendo-europe.com/media/images/10_share_images/games_15/virtual_console_nintendo_3ds_7/SI_3DSVC_CastlevaniaTheAdventure_image1600w.jpg",https://www.youtube.com/watch?v=1oj7AdERJHc,,Entertainment,N,single-player,site-specific,Handheld,Game Cartridge,,rlglove2@ncsu.edu
Catchbob!,2006,At École Polytechnique Fédérale de Lausanne,Lausanne,Switzerland,,"This is an application that engages a group of three to participate in a collaborative treasure hunt over the campus of École Polytechnique Fédérale de Lausanne. Players can communicate with each other by drawing pictures, adding words, or providing other types on information on their devices to find each other. The device displays a campus map and the drawings are sent to each player. The players have to find the objects on the map and collaborate with each other to surround the object with a triangle formed by their individual positions. The game is used as a platform to run field experiments to understand how collaborative processes are impacted by information about another team's whereabouts.",https://www.girardin.org/fabien/seventh-and-half/images/catchbob_analyzer3.png,,,Team-based,N,multiplayer,site-specific,Location-based,Cell Phone,,rlglove2@ncsu.edu
CitiTag,2004,"HP Labs, Open University’s Knowledge Media Institute (KMi)",Bristol,United Kingdom,No website for game currently exists,"A classic game of ""Tag, you're it"" through a ipaq pocket PC interface, in which players use GPS to navigate the city and search for other participating players. Upon finding an opposing player, a player can ""tag"" them-- in which case, they must find a friend to free them before they can find other players to tag.",http://www.stby.eu/wp_15/wp-content/uploads/2015/07/cititag1.4yg44rzk83woc0gwoscww4wgk.el5junqcx08co884cc8k4wwck.th--e1438101215101.jpeg,,"http://kmi.open.ac.uk/publications/papers/kmi_tr_147.pdf (Quick, K., Vogiazou, Y. (2004), http://kmi.open.ac.uk/publications/papers/kmi_tr_139.pdf (Y. Vogiazou et al. You got tagged!: The city as a playground. In Proc. of 2AD’04, 2004), https://link.springer.com/article/10.1007/s00779-006-0068-5 (Vogiazou, Y., Raijmakers, B., Geelhoed, E., Reid, J., & Eisenstadt, M. (2007). Design for emergence: experiments with a mixed reality urban playground game. Personal and Ubiquitous Computing, 11(1), 45-58.)","Entertainment, Research, Art",N,single-player,site-specific,Location-based,"PDA, GPS","GPS, Internet",
CityExplorer,2007,Sebastian Matyas,Bamberg,Germany,,"In CityExplorer, players take photographs with geographic information attached to create a database of points of interest of a city and categorize them.  It is a location-based game with a purpose:  to create geospatial data that could be used for many other purposes including non-gaming applications.  With multiple people ""playing"" the game, data can be captured and a city can be recreated digitally.

The gameplay of CityExplorer is in the real world with players utilizing their mobile devices to capture images and geographic information with the devices' camera and GPS systems.  To win the game, the player has to set as many geographic markers in a city game area.  Each city game area is divided into sections and the player who holds the most markers in a section wins that specific section and is awarded credits at the end of the game.  Players must create markers using pre-defined categories such as a ""church.""  In order to set a market, the player must (1) take a photo of the location, (2) enter in the name of the location, (3) get as close to the location as possible in order to get an accurate GPS reading, and (4) select the location category.  A GPS coordinate is captured at steps 1 and 2.  Once the player sets enough markers, they export the photographs and data to a computer to upload to the CityExplorer website.",,,https://doi-org.prox.lib.ncsu.edu/10.1145/1501750.1501806 (Designing location-based mobile games with a purpose: collecting geospatial data with CityExplorer),"Entertainment, Education",N,multiplayer,site-specific,"Location-based, Mobile","Cell Phone, GPS, Camera Phone, Computer","GPS, Pictures, Internet",jjfennim@ncsu.edu
CityHunters,2007,University of Sydney,Sydney,Australia,no active website,"A location-based mobile game, which makes use of a GPS (connected via Bluetooth) and acceleromoter (attached to the shell of a Nokia phone and connected via Bluetooth) to track the movements and motions of players as they move through a city. Data from the GPS/accelerometer is communicated via GPRS network and appears on a digital map through the Nokia phone. The purpose of gameplay is to ""shoot"" other players, who have accepted a game play challenge. The players use the GPS information to determine the location of other players; they use their accelerometer to tilt their phone and angle shots toward opponents. In addition to firing shots at other players, players can also virtually destroy the physical structures of the city.","https://static.independent.co.uk/s3fs-public/thumbnails/image/2019/03/06/15/university-of-sydney.jpg?width=982&height=726&auto=webp&quality=75, https://scx1.b-cdn.net/csz/news/800a/2007/nokiae51.jpg",,,Entertainment,N,single-player,site-specific,"Pervasive, Location-based, Hybrid Reality",Cell Phone,"Bluetooth, GPS",
CityPoker,2003,Laboratory for Semantic Information of Bamberg University,,Germany,http://geogames-team.org/files/citypoker/,"CityPoker is an online platform that allows players to play other competitors in real time to better their personal skills. The chance to bet and win real money is also available, providing a more immersive experience.",,http://geogames-team.org/files/citypoker/#download,,"Entertainment, Education, Interaction",Y,multiplayer,site-specific,"Mobile, Location-based, Hybrid Reality","GPS, Computer, Cell Phone","GPS, Internet",ejstanle@ncsu.edu
Colin McRae Rally 2005,2005,Nokia,,USA,https://www.ign.com/games/colin-mcrae-rally-2005,"Animated game, which allows players to race in 8 different countries and with 60 tracks and allowed players to select real world cars to race with. Colin McRae Rally 2005 was released on the PlayStation 2, Xbox, Windows, PlayStation Portable, J2ME, and on Mac OS X. GameSpot named Colin McRae Rally 2005 the best N-Gage game of 2005 after receiving positive reviews.","https://cdn.chass.ncsu.edu/sites/mglab.chass.ncsu.edu/colin.JPG, https://i.ytimg.com/vi/cqj_bvXK-go/hqdefault.jpg, https://commondatastorage.googleapis.com/images.pricecharting.com/a6be1c0c9db1abce4ae7d19ceb40d785f163cef8e550c58c1bf6df01f5ba0a55/240.jpg","https://www.youtube.com/watch?v=qojszL9AJSU, https://www.youtube.com/watch?v=-J7uZdrVGWY","https://www.mobygames.com/game/ngage/colin-mcrae-rally-2005_ (Colin McRae Rally 2005 (N-Gage)), https://www.gamespot.com/articles/colin-mcrae-rally-2005-hands-on/1100-6109272/ (Colin McRae Rally 2005 Hands-On)",Entertainment,N,multiplayer,site-specific,Mobile,Game Console,,ejstanle@ncsu.edu
Columns,1990,Sega,Tokyo,Japan,,"Columns is a mobile puzzle game developed by Sega on the Game Gear. Gameplay required players to control falling blocks in order to match colors and delete them. The gameplay is similar to Tetris. Once a player has too many blocks stacked on top of one another, the game ends. There are four different colors to match, including: blue, yellow, red, and purple.","https://www.videogamex.com/image/cache/catalog/GG/columns-1000x625.jpg, https://i.ebayimg.com/images/g/ZF8AAOSwIuVdNJ96/s-l300.jpg, https://blogger.googleusercontent.com/img/a/AVvXsEj1yqf3JoVcFLh58Dhvb6uZZFLAb1xZCN5f6K_4HaDQWds89zFSRxU5Z60GV7zwF2Dx0HCJbotYiYTGLtz_FEvhJugHO0O56JnF63trG3bVFB_pOH0_AxjIChT4Agdwb8QWKk3oeX6DBjEq7O2X4-9BDueVS3f3SVYassRjR3oGi6aOz4dSe0wbNFVHTA=s909",https://www.youtube.com/watch?v=CCZ_2d_oF8Y,https://retrododo.com/best-sega-game-gear-games/ (20 Best Sega Game Gear Games Of All Time),Entertainment,N,single-player,site-specific,Handheld,"Game Console, Game Cartridge",,rlglove2@ncsu.edu
Computer Gin,1979,Mattel,"El Sugundo, CA",United States,,"A handheld game in which you could play the card game Gin with input keys such as ""draw"" ""select"" and ""discard."" Criticisms of the game come from the fact that there are many things a player can do in Gin that they cannot do in this electronic version. The game takes 1 9V battery.","https://i.ebayimg.com/images/g/PqIAAOSw~XpZPLes/s-l300.jpg, https://www.handheldmuseum.com/Mattel/Mattel-ComputerGin.jpg, https://upload.wikimedia.org/wikipedia/commons/thumb/a/a4/Computer_Gin_by_Mattel_Electronics%2C_Model_1669%2C_Made_In_Hong_Kong%2C_Circa_1979_%28Handheld_Electronic_Game%29.jpg/800px-Computer_Gin_by_Mattel_Electronics%2C_Model_1669%2C_Made_In_Hong_Kong%2C_Circa_1979_%28Handheld_Electronic_Game%29.jpg",https://www.youtube.com/watch?v=3xl7aiCeRwk,https://www.computerhistory.org/collections/catalog/102673257 (Computer History Museum: Computer Gin),Entertainment,N,single-player,site-specific,Mobile,Game Console,,ejstanle@ncsu.edu
ConQwest,2004,Qwest Wireless,New York,United States,http://denniscrowley.com/conqwest/about.php (ConQwest 2004),"ConQwest is a team-based treasure hunt game, which uses implied positioning from semacode tags; it is sponsored by Qwest Wireless in the USA to promote its camera phones. As the players’ position is implied, the game area must be set-up prior to the game by placing semacode stickers at defined locations around the selected urban landscape. Each sticker is given a relative value. The players collect the stickers by taking pictures with their phone cameras. The first team to collect $5000 worth of semacodes wins.","https://d26eb5y2jukpbz.cloudfront.net/ebs/archive/osi/2005/media/05034N_b.jpg, https://live.staticflickr.com/9/18311933_a48f8b1704_b.jpg, https://live.staticflickr.com/12/18312044_74e29844e0_c.jpg",http://denniscrowley.com/conqwest/about.php,"https://journals.sagepub.com/doi/abs/10.1177/1046878109333723 (de Souza e Silva, Adriana, & Hjorth, L. (2009). Playful urban spaces: A historical approach to mobile games. Simulation & Gaming, 40(5), 602-625. doi:10.1177/1046878109333723), https://dl.acm.org/doi/abs/10.1145/1111293.1111302 (Rashid, O., Mullins, I., Coulton, P., & Edwards, R. (2006). Extending cyberspace: Location based games using cellular phones. Computers in Entertainment (CIE), 4(1), 4-es. doi:10.1145/1111293.1111302), https://coolhunting.com/tech/conqwest/ (Report, Cool Hunting (2004)), https://www.researchgate.net/profile/Paul_Coulton/publication/228355046_Experiencing_Touch_in_Mobile_Mixed_Reality_Games/links/0fcfd507e7846cdecc000000.pdf (Coulton, P., Rashid, O., & Bamford, W. (2006). Experiencing ‘Touch’in Mobile Mixed Reality Games.), https://link.springer.com/content/pdf/10.1007/s00530-009-0172-2.pdf (Gentes, A., Guyot-Mbodji, A., & Demeure, I. (2010). Gaming on the move: urban experience as a new paradigm for mobile pervasive game design. Multimedia systems, 16(1), 43-55.), (), ()",Entertainment,N,single-player,site-specific,"Location-based, Urban","Cell Phone, Phone camera",3G,
Cooking Mama,2006,Cooking Mama Limited,,Japan,http://www.cookingmama.com/,"Cooking Mama is a simulation cooking game developed by EA Canada for the Nintendo DS. Players would use the DS's touchscreen to play mini-games that, in return, would help them cook a dish. The grade of their cooking and dishes would be tracked, allowing them to progress further in the game.","https://m.media-amazon.com/images/I/51XD3PN50EL.jpg, https://m.media-amazon.com/images/I/51IU2ZdKvsL.jpg","https://www.youtube.com/watch?v=gGVIgJF-wM8, https://www.youtube.com/watch?v=st-a0XKaVh4",,Entertainment,N,single-player,site-specific,Handheld,"Game Console, Game Cartridge",,rlglove2@ncsu.edu
Cosmic Hunter,1981,Milton Bradley,,United States,,"Game for Milton Bradley Microvision. Marketed as a two-player game, but required taking turns. Introduced the concept of a directional pad on handheld games. In order to play, the player must move around the board and shoot at aliens, while running into walls and predicting the targets movement.","https://www.mobygames.com/images/covers/l/235688-cosmic-hunter-microvision-media.jpg, https://i.ebayimg.com/images/g/ewAAAOSwzg1g9HB~/s-l300.jpg, https://s.uvlist.net/202018/screenshot/Cosmic%20Hunter%20(Microvision).jpg","https://www.youtube.com/watch?v=BXYHm6qvOEI, https://www.youtube.com/watch?v=kxXDvbB7D_A",https://www.retrogamesreview.co.uk/2016/05/cosmic-hunter-microvision-review.html (Cosmic Hunter (Microvision review)),Entertainment,N,multiplayer,site-specific,Mobile,Game Console,,rlglove2@ncsu.edu
Cosmo Fighter,1982,Casio,Tokyo,Japan,,"Cosmo Fighter is a unique handheld game, where the player uses a dial to control a aircraft. The objective of the game is to shoot down UFOs and earn points. Cosmo Fighter has an LCD screen and takes 2 LR44 batteries. Casio released this as a part of their card series.","https://i.ytimg.com/vi/0mVaKKcJa78/maxresdefault.jpg, https://www.handheldmuseum.com/Casio/Casio-CosmoFighter.jpg",https://www.youtube.com/watch?v=8XvIPlBrc9Y,https://www.retrogames.co.uk/011173/Handheld/Cosmo-Fighter-by-Casio (Retro Games UK),Entertainment,N,single-player,site-specific,Mobile,Game Console,,ejstanle@ncsu.edu
Crash Bandicoot (99X Games),1998,Tiger Electronics,"Vernon Hills, Illinois",USA,,"Crash Bandicoot (known by fans as Crash Bandicoot 99X) is a licensed platforming game released on Tiger Electronics' series of dedicated handheld systems known as 99X Games. It is the first Crash Bandicoot game released on a handheld system. The game features a distinct storyline from the 1996 PlayStation classic of the same name, with Crash exploring the estate of the late miser Mr. Crumb for the treasure that allegedly resides there. However, the gameplay is surprisingly similar with players running down a linear corridor while dodging obstacles as the titular bandicoot. Unlike the low end LCD handheld systems that Tiger Electronics was known for, the 99X Games handhelds featured a dot-matrix video display and could run software programs stored on a ROM, allowing for changing backgrounds and digitized sound. The systems could also connect to each other via a link cable for multiplayer gameplay.","https://static.wikia.nocookie.net/crashban/images/5/5a/Crash-bandicoot-handheld-electronic_1_0c0affd6761d10627c7ca8c25a1773f0.jpg/revision/latest/scale-to-width-down/1000?cb=20191217150831, https://static.wikia.nocookie.net/crashban/images/0/01/1998-tiger-electronics-99x-crash_1_82c6070a5d9429d67bdce91f2641a3e0.jpg/revision/latest/scale-to-width-down/1000?cb=20191217150938, https://static.wikia.nocookie.net/crashban/images/d/d3/Tiger99xgameplay1.jpg/revision/latest/scale-to-width-down/1000?cb=20191217151005, https://static.wikia.nocookie.net/crashban/images/0/0a/Tumblr_puixxtxd6B1yoy4b8o1_1280.jpg/revision/latest/scale-to-width-down/950?cb=20191217151019, https://static.wikia.nocookie.net/crashban/images/6/60/Tumblr_puixxtxd6B1yoy4b8o2_1280.jpg/revision/latest/scale-to-width-down/950?cb=20191217151039",,https://crashbandicoot.fandom.com/wiki/Crash_Bandicoot_(99X) (Crash Bandicoot (99X)),Entertainment,N,single-player,site-specific,,Game Console,,jjfennim@ncsu.edu
Crazy Climber,1982,Entex,"Compton, CA",USA,,"Crazy Climber is an electronic tabletop/handheld game developed by Entex. Gameplay is similar to Donkey Kong, as in the player traverses a tower while avoiding obstacles in order to reach the top. This model is based off Taito's Crazy Climber arcade game. Hazards for the player include vultures and steal beams.","https://www.handheldmuseum.com/Entex/Entex-CrazyClimber.jpg, http://handheldempire.com/400x300/game_images/627_1423840371507_Entex_Crazy_Climber.jpg, http://handheldempire.com/400x300/game_images/627_1423840392834_Entex_Crazy_Climber.jpg",https://www.youtube.com/watch?v=zQnIO7CdkGo,,Entertainment,N,single-player,site-specific,Handheld,Game Console,,rlglove2@ncsu.edu
Cybiko Classic,2000,Cybiko Inc.,N/A,Russia,https://www.mobilephonemuseum.com/phone-detail/classic,"The Cybiko is a hand-held computer introduced in 2000, featuring its own two-way radio text messaging system. It has over 430 ""official"" freeware games and applications. The handheld was marketed at teens and young adults and had a launch price of $149.99. Cybiko had many prominent features that a smartphone would like gaming, email, and internet. The Cybiko Classic came in five colors: blue, purple, neon green, white, and black","https://i.ytimg.com/vi/pD6C0pMCbtM/maxresdefault.jpg, https://i.ytimg.com/vi/fJ3Qcyd8f24/maxresdefault.jpg, https://live.staticflickr.com/5/7466397_d4fe0ae5b8_b.jpg","https://www.youtube.com/watch?v=38VEBOseAzM, https://www.youtube.com/watch?v=fJ3Qcyd8f24","http://www.calaquin.com/2019/10/calculatober-day-13-cybiko-classic.html (Calculator Review: Cybiko Classic), https://organic.utep.edu/cybiko/ (Cybiko Information)","Interaction, Entertainment",Y,single-player,site-specific,Mobile,"Cell Phone, Game Console","Internet, Voice",anbaker8@ncsu.edu
Dam Panic,1982,Yonezawa,,Japan,,"Small handheld device/game, allowing two modes of play (amateur or pro). The device contains a switch to turn sound on/off. The game controls include left and right buttons for in-game navigation. The game required players to dodge water being splashed at them by a fish, while walking around a dam.","https://20thcenturyvideogames.com/sistemas/Yonezawa/modelos/YonezawaMultiboyGame4.jpg, http://electronicplastic.com/_images/450/others/yonezawa/_box/DamPanic-front.jpg",https://www.youtube.com/watch?v=kn8mZ4rhcRM,,Entertainment,N,single-player,site-specific,Mobile,Game Console,,rlglove2@ncsu.edu
Darth Vader's Force Battle,1977,Texas Instruments,,,,"Using the TI-59 programable calculator's external storage through magnetic strips,  one could use a type-in program to play games like chess or Darth Vader's Force Battle. Users would receive the code from a magazine (BYTE), type-in the code, and would then be able to play the game.","http://www.datamath.org/Sci/WEDGE/IMAGES/TI-59_ZOOM.jpg, https://i.pinimg.com/originals/39/ac/84/39ac8452b0db0b919d142261b5bdd835.jpg, https://ids.si.edu/ids/deliveryService?id=NMAH-DOR2014-05175&max=1000, https://www.picclickimg.com/d/l400/pict/362430379186_/Texas-Instruments-Power-Adapter-AC-9131-for-TI-59.jpg","https://www.youtube.com/watch?v=j6y4Mwjepcs, https://www.youtube.com/watch?v=G62GbpXvCao, https://www.youtube.com/watch?v=n56cnRTt3YY","https://www.ti59.com/ (Texas Instruments 59 Website), http://www.datamath.org/Sci/WEDGE/TI-59.htm (DATAMATH CALCULATOR MUSEUM), http://www.computinghistory.org.uk/det/6045/Texas-Instruments-TI-59/ (Texas Instruments TI-59 History), https://americanhistory.si.edu/collections/search/object/nmah_1339212 (Texas Instruments TI Programmable 59 Handheld Electronic Calculator with Printer)","Entertainment, Education",N,single-player,site-specific,Mobile,Calculator,,ejstanle@ncsu.edu
Day Of The Figurines,2006,"Blast Theory, Mixed Reality Lab (University of Nottingham)",Portslade,United Kingdom,https://www.blasttheory.co.uk/projects/day-of-the-figurines/ (Day Of The Figurines),"Day of the Figurines is a pervasive game for mobile phones that is designed to be slow and interwoven with the patterns of players’ daily lives over the course of twenty-four days (each day that passes represents one hour in the gameworld). It is a massively multiplayer game, set in a fictional town that is littered, dark, and underpinned with steady decay. To begin the game, players are invited to create their own figurine: to name it, answer questions about its past and to describe how it is represented to other players. To interact in the game, players can remotely send SMS to indicate what they want their figurine to do. Further, players receive SMS indicating their figurine's status as well as inviting the players to make decisions or complete tasks for the town. The purpose of the game is for players to collaborate to sustain the town's sense of community.","https://www.blasttheory.co.uk/wp-content/uploads/2013/02/dotf_secondary-625x450.jpg, https://www.blasttheory.co.uk/wp-content/uploads/2013/02/dotf_featured.jpg, https://farm3.static.flickr.com/2394/1792053404_369c6c6027_b.jpg",https://player.vimeo.com/video/5490913,"https://doi.org/10.4324/9780367855055 (Glover-Rijkse, R. ""You Start it. A Dialogue with Nick Tandavanitj from Blast Theory"". Hybrid Play, 2020, pp. 15-29), https://www.blasttheory.co.uk/wp-content/uploads/2016/07/Review_DOTF_Substation_2006_.pdf (Review, Substation (2006)), https://link.springer.com/chapter/10.1007/978-3-540-77039-8_14 (Flintham M. et al. (2007) Day of the Figurines: Supporting Episodic Storytelling on Mobile Phones. In: Cavazza M., Donikian S. (eds) Virtual Storytelling. Using Virtual Reality Technologies for Storytelling. ICVS 2007. Lecture Notes in Computer Science, vol 4871. Springer, Berlin, Heidelberg. https://doi.org/10.1007/978-3-540-77039-8_14), https://www.blasttheory.co.uk/bt/PervasivePresence4.doc (Adams, M. (2008). CTR documents: Pervasive presence: Blast theory's ""day of the figurines"". Contemporary Theatre Review, 18(2), 219-235.), https://www.blasttheory.co.uk/wp-content/uploads/2016/07/Review_DOTF_RealTime_08-09-2007.pdf (Review, Real Time (2007)), https://www.blasttheory.co.uk/wp-content/uploads/2016/07/Review_DOTF_The-Times_19052007.pdf (Review, The Times (2007))","Entertainment, Art",N,single-player,site-specific,Pervasive,Cell Phone,3G,
Decay Watch,2004,"WaveMarket, Superdudes",Emeryville,United States,No active website for game currently exists,"Decay Watch is a treasure hunt style game, using Cell-ID or GPS, where players help eliminate decay in cities by searching out and location-tagging decay, identified as graffiti, littered beaches, and run-down buildings. The game features mobile blogging and mobile chat between players; it was released in partnership with an existing online gaming community.",,,"https://dl.acm.org/doi/abs/10.1145/2379256.2379265 (Cummings, D., Lucchese, G., Prasad, M., Aikens, C., Ho, J., & Hammond, T. (2012). Haptic and AR interface for paratrooper coordination. Paper presented at the 52-55. doi:10.1145/2379256.2379265), https://dl.acm.org/doi/abs/10.1145/1111293.1111302 (Rashid, O., Mullins, I., Coulton, P., & Edwards, R. (2006). Extending cyberspace: Location based games using cellular phones. Computers in Entertainment (CIE), 4(1), 4-es. doi:10.1145/1111293.1111302), https://web.archive.org/web/20060316105259/http://www.wavemarket.com/press_release7.html (Report, WaveMarket (2004))",Entertainment,N,single-player,site-specific,"Location-based, Pervasive","Cell Phone, GPS","3G, GPS",
Deep Jungle,1984,Casio,Tokyo,Japan,,"Deep Jungle is a handheld gaming device created by the famous watch company Casio. The handheld device features a solar panel and no sound output, but two directional input and a jump button. Gameplay involves controlling a fruit collector while avoiding lions and crocodiles.","https://www.handheldmuseum.com/Casio/Casio-DeepJungleBox.jpg, https://casio.ledudu.com/images/jeux/casio/boites/zoom/CG42.jpg, https://cloud10.todocoleccion.online/videojuegos-y-consolas/tc/2017/07/26/09/94207073_1501055440_64136205.jpg?size=720x720&crop=true, http://handheldempire.com/400x300/game_instance_images/413_1411_1257524058695_Casio_Deep_Jungle.jpg",https://www.youtube.com/watch?v=2eBvNiH4yoE,http://handheldempire.com/game.jsp?game=413 (Handheld Empire),Entertainment,N,single-player,site-specific,Handheld,Game Console,,jjfennim@ncsu.edu
Defender,1982,Entex,"Compton, CA",USA,,"Defender is a handheld electronic game developed by Entex, based on the arcade title of the same name. Gameplay involved controlling a spaceship while attacking enemies and avoiding attacks. Controls for movement are on the left and it includes a down, up, and reverse button. Attracting buttons are on the right of the console, with a thrust button, fire, and smart bomb as well. The hyperspace button moves the player randomly across the screen.","https://www.handheldmuseum.com/Entex/Entex-Defender.jpg, https://www.handheldmuseum.com/Entex/Entex-DefenderBoxBack.jpg, https://i.ytimg.com/vi/wavaS-a0OBA/maxresdefault.jpg","https://www.youtube.com/watch?v=wavaS-a0OBA, https://www.youtube.com/watch?v=6_0hrKIbRsM",,Entertainment,N,single-player,site-specific,Handheld,Game Console,,rlglove2@ncsu.edu
Demor,2003,"European Media Master of Arts Program, Utrecht School of Art and Technology",Utrecht,The Netherlands,None,"""Demor"" is an audio-based VR game developed by students in the European Media Master of Arts at the Utrecht School of Art and Technology that consists of war combat-like play that helps accommodate gaming experiences for blind participants. The objective of the game is to kill the approaching enemies and ""mutants"" and stay alive throughout gameplay. The audio based version of play helps revolutionize gaming for visually impaired gamers and has been partnered with the Bartiemus Institute for the Visually Impaired.",,,http://blendid.nl/index8803.html (Demor- Location-based Projects 3D Audio Game),"Interaction, Entertainment",N,multiplayer,site-specific,Location-based,"Computer, Game Console, Sensor","GPS, Internet",jjfennim@ncsu.edu
Digimon,1997,BANDAI NAMCO,Tokyo,Japan,https://digimon.net/,"After Bandai's success with Tamagotchi, they followed it up with Digimon. Like with Tamagotchi, you can hatch and take care of your own virtual pet. But with Digimon, two users can connect to each other's devices by touching them together and battle each other's virtual monster.","https://i.pcmag.com/imagery/lineupitems/05gu6F01lzmR6v9DMfVzdou.1569506575.fit_lim.size_800x440.jpg, https://s9.postimg.cc/vzy05hbj3/Digimon_v-pet_version_1_guide.jpg, https://originaldigimonvirtualpets.files.wordpress.com/2014/11/10342965_10203830732462976_9176510063368673649_n.jpg",https://www.youtube.com/watch?v=YapSiV_cVdA,"https://www.pcmag.com/news/7-awesome-portable-electronic-games-of-the-1990s (7 Awesome Portable Electronic Games of the 1990s), https://www.playstationlifestyle.net/2017/01/07/digimon-20th-anniversary-device/ (Bandai Celebrates Digimon’s 20th Anniversary With Re-Release of 1997’s Virtual Pet Device)",Entertainment,N,multiplayer,site-specific,Handheld,Game Console,,jjfennim@ncsu.edu
Dingoo A-320,2008,Dingoo Digital Technology,,Hong Kong,,"The Dingoo A-320 is a micro-sized gaming handheld that resembles the Game Boy Micro and is open to game development. It also supports music, radio, emulators (8 bit and 16 bit), audio recording, and video playing capabilities with its own interface much like the PSP. The Dingoo A-320 is mainly used for emulation and it comes in 3 colors: white, black, and pink. Notable consoles it can emulate include: the NES, Super Nintendo, and the Sega Genesis.","https://www.gadgetreview.com/wp-content/uploads/2012/01/IMG_0007.jpg, https://preview.redd.it/h50cn3t7vib61.jpg?width=640&crop=smart&auto=webp&s=920afae9e70a7775c164901ce1dea36a82e704a1, https://preview.redd.it/t8a7hhkv9k181.jpg?width=640&crop=smart&auto=webp&s=56cdc740597be5bc5b24e6946f0230a456a5d842","https://www.youtube.com/watch?v=j5NdkhjDdjE, https://www.youtube.com/watch?v=aVZUlQgr0Sk","https://www.gadgetreview.com/dingoo-a320-pocket-retro-game-emulator-review (Dingoo A320 Pocket Retro Game Emulator Review), https://sites.google.com/site/thehopelesshobbyist/games/dingoo-a320-guide (Dingoo A320 Guide)",Entertainment,N,single-player,site-specific,Mobile,Handheld Game,,rlglove2@ncsu.edu
Disney Princess: Magical Jewels,2007,Disney Interactive Studios,"Glendale, CA",USA,,"Disney Princess: Magical Jewels is a 2D puzzle game for the Nintendo DS developed by Disney Interactive Studios. Four princesses are playable in the main game (Aurora, Belle, Cinderella, and Snow White) and two are playable in mini-games (Jasmine and Ariel). Gameplay involves using the DS's stylus to control a fairy that assists the princesses through stages in the game. Players build stairs, collect items, and defeat enemies in order to progress through the game. Timed collection mini-games are also part of gameplay.","https://upload.wikimedia.org/wikipedia/en/thumb/d/d7/Disney_Princess_Magical_Jewels_cover.jpg/220px-Disney_Princess_Magical_Jewels_cover.jpg, https://dsmedia.ign.com/ds/image/article/831/831424/DisneyPrincessInline_1193776167.jpg, http://www.nintendoworldreport.com/media/13646/1/5.jpg",https://www.youtube.com/watch?v=DWDV4MjXfwI,https://www.ign.com/articles/2007/11/01/disney-princess-magical-jewels-review (IGN: Disney Princess: Magical Jewels Review),"Entertainment, Interaction",N,single-player,site-specific,Handheld,"Game Cartridge, Game Console, Stylus",,rlglove2@ncsu.edu
Donkey Kong 3 Micro VS System,1984,Nintendo,Tokyo,Japan,,"The Donkey Kong 3 Micro VS System is a handheld/portable game system that had extendable controllers for input and allowed for two-players. The console has a small screen and the console is green and white, with the controllers being stored in the bottom of the device. This version was the same as Donkey Kong 3 and is a part of the Game &  Watch series.","https://static.wikia.nocookie.net/mario/images/d/da/DK3MicroVs.jpg/revision/latest?cb=20150714030249, https://www.pugo.org/media/collection/console/game_watch_vs_dk3.jpg, https://i.pinimg.com/originals/f3/2e/9e/f32e9edcb274f319877991ec730d419e.jpg",https://www.youtube.com/watch?v=SGM3zNxFyH0,https://www.engadget.com/products/nintendo/game-watch/micro-vs-system/donkey-kong-3/ (Engadget Review: Nintendo Game & Watch Micro Vs. System Donkey Kong 3),Entertainment,N,single-player,site-specific,Mobile,Game Console,,anbaker8@ncsu.edu
Dougram,1982,Takara,Tokyo,Japan,,"Dougram is a handheld console developed by Takara. Players use the two action buttons to control their character as they do simple tasks to earn score. The system has a built-in clock and can allow up to four consoles to be connected for multiplayer, using a cable. Dougram is based on Fang of the Sun Dougram, a Japanese Anime cartoon similar in theme to the Gundam series.","https://www.handheldmuseum.com/Takara/Takara-DougramBoxBack.jpg, https://i.ebayimg.com/images/g/KXAAAOSwK5hiH91Y/s-l500.jpg",,,Entertainment,N,multiplayer,site-specific,Handheld,"Game Console, Link Cable",Link Cable,rlglove2@ncsu.edu
Drill Dozer,2005,Game Freak,Tokyo,Japan,,"Drill Dozer is a single-player platforming game developed by Game Freak for the Nintendo Game Boy Advance. Players control a girl named Jill and her Drill Dozer (a device that she wears, that has a large drill on it). Players are to platform through the games 17 stages defeating enemies, solving puzzles, and avoiding obstacles. The shoulder buttons on the console control Jill's drill, and the D-pad is for movement. The goal of the game is to steal back a Red Diamond from a group gangsters.","https://upload.wikimedia.org/wikipedia/en/7/79/Drill_Dozer.jpg, https://upload.wikimedia.org/wikipedia/en/8/82/Drill_Dozer_-_Gameplay.png, https://www.vgmaps.com/Reviews/Screenshot-GBA-DrillDozer-1.png",https://www.youtube.com/watch?v=mTrYASzyFik,,Entertainment,N,single-player,site-specific,Handheld,"Game Cartridge, Game Console",,rlglove2@ncsu.edu
Electronic Quarterback,1978,Coleco,"West Hartford, Connecticut",United States,,"An electronic handheld football game. Allows the player to throw the ball as the Quarterback, instead of just running plays like many of early electronic football games. The handheld was powered by a 9-volt battery or an AC adaptor. Difficulty could be selected and that controlled the AI defense. Electronic Quarterback was created as a cheaper and more dynamic game compared to Mattel's Electronic Football.","https://images.bonanzastatic.com/afu/images/3835/0459/39/__12.jpg, https://i.ytimg.com/vi/_XxNy7uhhMc/maxresdefault.jpg, https://upload.wikimedia.org/wikipedia/commons/thumb/d/d9/Coleco_Electronic_Quarterback%2C_Made_in_Hong_Kong%2C_Circa_1978_%28LED_Handheld_Electronic_Game%29.jpg/1200px-Coleco_Electronic_Quarterback%2C_Made_in_Hong_Kong%2C_Circa_1978_%28LED_Handheld_Electronic_Game%29.jpg","https://www.youtube.com/watch?v=93u6POODKQY, https://www.youtube.com/watch?v=YgH9Pn2tq5s, https://www.youtube.com/watch?v=YKcd3WjuZhk","https://www.si.edu/object/coleco-electronic-quarterback-electronic-game%3Anmah_334545 (Smithsonian NMoAH: Coleco Electronic Quarterback Electronic Game), https://archive.org/details/manuals-handheld-games-Coleco-ElectronicQuarterback (Handheld Game Manual: Electronic Quarterback (Coleco))",Entertainment,N,single-player,site-specific,Mobile,Game Console,,ejstanle@ncsu.edu
Epidemic Menace,2005,Fraunhofer FIT,Sankt Augustin,Germany,https://www.fit.fraunhofer.de/en/fb/cscw/projects/iperg.html,"In Epidemic Menace, players become medical experts to save mankind threatened by a mutated virus. A villain scientist, craving power, creates a lethal mutation and contaminates a university campus with it. From there, the virus spreads and infects all humans. Teams of experts – the players – are assigned the task of defeating this threat. They have three hours in which to destroy the virus before it escapes the campus; the teams must also uncover where the mutant virus came from and how it came to be. Each team has a room equipped with stationary devices that allow players to observe and analyze the virus and to communicate with other team members. In addition to the stationary devices in the game room, each team receives a set of devices that can be used outdoors to capture and destroy the virus.","https://www.researchgate.net/profile/Sabiha_Ghellal/publication/220686448/figure/fig1/AS:394015569661953@1470952040083/A-player-using-the-stationary-game-board-left-and-a-player-in-front-of-the-media-wall_W640.jpg, https://www.researchgate.net/profile/Sabiha_Ghellal/publication/220686448/figure/fig3/AS:394015569661960@1470952040227/Answers-from-players-regarding-device-specific-roles-in-Epidemic-Menace_W640.jpg, https://www.researchgate.net/profile/Sabiha_Ghellal/publication/220686448/figure/fig2/AS:394015569661955@1470952040164/Players-with-the-mobile-augmented-reality-system-left-and-the-smart-phone-middle-and_W640.jpg",https://www.youtube.com/watch?v=CWhZhB2crH8,"https://dl.acm.org/doi/abs/10.1145/1125451.1125496 (Lindt, I., Ohlenburg, J., Pankoke-Babatz, U., Prinz, W., & Ghellal, S. (2006). Combining multiple gaming interfaces in epidemic menace. Paper presented at the 213-218. doi:10.1145/1125451.1125496), http://www.pervasive-gaming.com/?p=38 (Blog, Pervasive Games), https://dl.acm.org/doi/abs/10.1145/1236224.1236237 (LINDT, I., OHLENBURG, J., PANKOKE-BABATZ, U., & GHELLAL, S. (2007). A report on the crossmedia game epidemic menace. Computers in Entertainment (CIE), 5(1), 8-es. doi:10.1145/1236224.1236237), https://dl.acm.org/doi/abs/10.1145/1518701.1518939 (Waern, A., Montola, M., & Stenros, J. (2009). The three-sixty illusion: Designing for immersion in pervasive games. Paper presented at the 1549-1558. doi:10.1145/1518701.1518939), https://www.researchgate.net/publication/295091788_Epidemic_Menace (Stenros, J., & Montola, M.Case H - epidemic menace. (pp. 159-162) Elsevier Science & Technology. doi:10.1016/B978-0-12-374853-9.00021-0), https://link.springer.com/article/10.1007%252Fs00779-007-0186-8 (Ghellal, S., Ghellal, S., Lindt, I., & Lindt, I. (2008). Interactive movie elements in a pervasive game. Personal and Ubiquitous Computing, 12(4), 307-315. doi:10.1007/s00779-007-0186-8), https://link.springer.com/content/pdf/10.1007/s00779-010-0307-7.pdf (Montola, M., & Montola, M. (2011). A ludological view on the pervasive mixed-reality game research paradigm. Personal and Ubiquitous Computing, 15(1), 3-12. doi:10.1007/s00779-010-0307-7)","Entertainment, Research",N,single-player,site-specific,"Location-based, Hybrid Reality","Cell Phone, Augmented Reality Device, GPS, PDA","GPS, Wi-Fi",
Epoch-Man,1981,Epoch,Tokyo,Japan,,Game similar to Pac-Man with 4 multidirectional input keys and an alarm function. Epoch Man can be seen in Warner Bros' 1983 movie National Lampoon's Vacation.,"https://www.retrogames.co.uk/large.cgi?image=046453_a.jpg&ref=046453&save=, https://atariage.com/forums/uploads/monthly_08_2010/post-24636-128249441817.jpg",https://www.youtube.com/watch?v=ySkzHYRP59o,"https://www.retrogames.co.uk/046453/Handheld/Pocket-Man-Epoch-Man-by-Epoch (Retro Games: 	Pocket Man Epoch Man by Epoch)",Entertainment,N,single-player,site-specific,Mobile,Game Console,,rlglove2@ncsu.edu
Feeding Yoshi,2006,University of Glasgow,Glasgow,Scotland,,This interactive and fun filled multiplayer game is packed with many challenges in order for players to gather as many points by helping gather fruit to feed their Yoshi. It is important for players to search for seeds in order to plant and give plentiful fruit to the Yoshi's running throughout the game. Players must search throughout the games interactive map to locate the Yoshi's after planting their seed and feed them increasing their chances of winning the game.,,,"https://dl.acm.org/doi/abs/10.1145/3025453.3025871 (Paavilainen, J., Korhonen, H., Stenros, J., Koskinen, E., and Mayra, F. (2017). ""The Pokémon GO Experience: A Location-Based Augmented Reality Mobile Game Goes Mainstream."" CHI '17: Proceedings of the 2017 CHI Conference on Human Factors in Computing Systems, 2493-2498.)",Entertainment,Y,multiplayer,site-specific,"Hybrid Reality, Location-based, Pervasive",PDA,Internet,jjfennim@ncsu.edu
Final Fantasy Adventure,1991,Square,Tokyo,Japan,,"Final Fantasy Adventure is role-playing game for the Nintendo Game Boy developed by Square. Players control two young heroes in their quest to stop the Dark Lord Glaive from destroying the Tree of Mana, which would doom the world they call home. Gameplay is from a top-down perspective, where the player controls their characters with the D-pad. In order to achieve their goal, players must interact with non-playable characters, increase their stats, defeat enemies, collect weapons, and solve puzzles. Final fantasy Adventure was the first game in the popular 'Secret of Mana' series.","https://upload.wikimedia.org/wikipedia/en/thumb/8/88/Final_Fantasy_Adventure_Front_Cover.jpg/220px-Final_Fantasy_Adventure_Front_Cover.jpg, https://upload.wikimedia.org/wikipedia/en/thumb/f/fe/Final_Fantasy_Adventure_Screenshot.png/220px-Final_Fantasy_Adventure_Screenshot.png, https://rpgamer.com/wp-content/uploads/2020/03/ffa8.jpg",https://www.youtube.com/watch?v=di5Vhk3AEUc,https://www.engadget.com/final-fantasy-adventure-irl-mana-collection-133008777.html (‘Final Fantasy Adventure’ was everything I hoped for 25 years later),Entertainment,N,single-player,site-specific,Mobile,Game Cartridge,,rlglove2@ncsu.edu
Fitter,1982,Gakken,Tokyo,Japan,,Fitter is a tabletop electronic game developed by Gakken. Gameplay involves moving around a board as a robot while collecting pieces to make the bot you control more complete. Players compete against AI robots doing the same thing. Score was kept by 10s and points would be rewarded for getting parts. Players used a joystick for movement and a large red button for actions.,"https://www.handheldmuseum.com/Gakken/Gakken-Fitter.jpg, https://www.handheldmuseum.com/Gakken/Gakken-FitterSingapore.jpg, https://i.ytimg.com/vi/ssa7EpiqdkU/maxresdefault.jpg","https://www.youtube.com/watch?v=MkO1kwgGy5c, https://www.youtube.com/watch?v=ssa7EpiqdkU",,Entertainment,N,single-player,site-specific,Handheld,Game Console,,rlglove2@ncsu.edu
Flash-Wits,1981,Milton Bradley,"Springfield, MA",United States,,Handheld puzzle game in which players attempt to sequence red circles on the game's interface by pressing the red circles and moving them. Flash-Wits was also known as Genius and Matrix.,"https://www.handheldmuseum.com/MB/MB-FlashWitsBox.jpg, https://www.handheldmuseum.com/MB/MB-Genius.jpg",https://www.youtube.com/watch?v=01qXvg4LYeQ,https://www.hasbro.com/common/instruct/FlashWitselectronicgame.PDF (Flash-Wits Manuel),"Entertainment, Education",N,single-player,site-specific,Mobile,Game Console,,rlglove2@ncsu.edu
Frankenstein,1982,BANDAI NAMCO,,Japan,,"A member of the double panel LCD Solarpower family, this game featured a joystick and an attack button, while folding our from a clamshell design. The console has 2 screens on top of one another, with the first level on the top screen and the second level on the bottom. Frankenstein also goes by the name of ""Mr. Franken."" Gameplay involves controlling Dr. Frankenstein by moving him around his lab and fixing his monster. Once you hit 500 points you go to the second level, you control the monster while avoiding obstacles as the Doctor escapes.","https://i.ytimg.com/vi/VOT3k5sMCak/maxresdefault.jpg, https://www.handheldmuseum.com/Bandai/Bandai-FrankensteinBox.jpg, https://i.pinimg.com/originals/9d/26/d2/9d26d2f651586d268b15955811b81914.jpg",https://www.youtube.com/watch?v=VOT3k5sMCak,https://www.retrogames.co.uk/011147/Handheld/Frankenstein-by-Bandai-Electronics (Retro Games UK: Frankenstein),Entertainment,N,single-player,site-specific,Mobile,Game Console,,rlglove2@ncsu.edu
Frequency 1550,2005,The Waag Society,Amsterdam,Netherlands,https://waag.org/en/project/frequency-1550 (Frequency 1550),"Frequency 1550 was an urban, location-based game that used GPS and UMTS technology to encourage high school students to learn about Amsterdam during the Middle Ages. As a part of gameplay, students are tasked with visiting historical locations in Amsterdam and completing assignments related to the history of that location.","https://waag.org/sites/waag/files/styles/carousel/public/Projects/frequentie_1550.jpg?itok=Mplqs_vU, http://www.gameclassification.com/files/games/Frequency-1550.jpg, http://iasl.uni-muenchen.de/links/TippSammel2_ill19.jpg, https://www.guerrilla-innovation.com/archives/frequency-1550.jpg","https://www.youtube.com/watch?v=wc3fviztQ_E, https://www.youtube.com/watch?v=0hstVrxMdDI","https://waag.org/en/project/frequency-1550 (Review, The Waag Society (2007)), http://citeseerx.ist.psu.edu/viewdoc/download?doi=10.1.1.958.1713&rep=rep1&type=pdf (Huizenga, J., Admiraal, W., Akkerman, S., & Ten Dam, G. (2007). Learning history by playing a mobile city game.), https://doi.org/10.1016/j.chb.2010.12.013 (Admiraal, W., Huizenga, J., Akkerman, S., & Dam, G. t. (2011). The concept of flow in collaborative game-based learning. Computers in Human Behavior, 27(3), 1185-1194. doi:10.1016/j.chb.2010.12.013), http://www2.projects.science.uu.nl/gate/UserFiles/File/PlayingHistory.pdf (Raessens, J. (2007). Playing history: Reflections on mobile and location-based learning. Didactics of microlearning. Concepts, discourses, and examples, 200-217.), https://onlinelibrary.wiley.com/doi/abs/10.1111/j.1365-2729.2009.00316.x (Huizenga, J., Admiraal, W., Akkerman, S., & Dam, G. T. (2009). Mobile game‐based learning in secondary education: engagement, motivation and learning in a mobile city game. Journal of Computer Assisted Learning, 25(4), 332-344.), https://justobjects.nl/frequency-1550-cross-media-gaming-into-medieval-times/ (Report, Just Objects (2005)), https://waag.org/sites/waag/files/Publicaties/Rapport_FQ_1550.pdf (Game Report, in Dutch)",Research,N,single-player,site-specific,"Location-based, Urban","Cell Phone, Phone camera, GPS","GPS, UMTS, 3G",
Frogger,1981,Gakken,,Japan,,"Handheld game/console mimicking mini-arcade device. Gameplay focuses on the same strategies as the video game, Frogger, which is for a frog to successfully cross a street. The handheld had a joystick for control and an on/off switch.","http://www.electronicplastic.com/_images/450/gakken/Frogger.jpg, https://www.handheldmuseum.com/Gakken/Gakken-FroggerDisplay.jpg, http://www.electronicplastic.com/_images/450/gakken/_box/Frogger-front.jpg",https://www.youtube.com/watch?v=-CwdDPadTAQ,https://www.retrogames.co.uk/039561/Handheld/Frogger-by-Gakken (Retro Games: Frogger by Gakken),Entertainment,N,single-player,site-specific,Mobile,Game Console,,rlglove2@ncsu.edu
GPS Mission,2008,Orbster,Karlsruhe,Germany,website is no longer active,"GPS mission is a downloadable mobile app that uses GPS to track the player's location as they move about a city. To play, players must accept a challenge, which directs them to go to a particular location. At this particular location, they may collect virtual gold. Alternatively, they may be asked to interact with the place in a particular way; for instance, some users are asked to solve riddles. Additionally, the app allows users to drop ""waymarks"" to show where they have been; they can also upload photos to show where they have been.","https://i.pinimg.com/564x/16/b9/8a/16b98a19c58fb6e7d5e774fd44352f51.jpg, http://1.bp.blogspot.com/_LIZ1CsppGi0/SmMfh7FokII/AAAAAAAAGlY/CVjIOnTLjnk/s640/gpsgame00.jpg, https://www.intomobile.com/wp-content/uploads/2009/01/gps-mission-iphone.jpg",https://www.youtube.com/watch?v=TohZfmFpznE,"http://www.academia.edu/download/11852021/2010-4.pdf (Fischer, F. (2010). Real World Gaming with GPS-Mission: Business Perspectives of Location Based Entertainment. GeoInformatics, 13(4), 20.), https://appscout.pcmag.com/mobile-apps/274009-orbster-gps-mission-for-the-iphone (Report, PCMag (2008)), https://www.intomobile.com/2009/01/15/orbsters-gps-mission-iphone-game-makes-the-world-your-oyster/ (Review, Intomobile (2009)), https://link.springer.com/chapter/10.1007/978-3-319-75256-3_2 (Spallazzo D., Mariani I. (2018) LBMG in a Nutshell. In: Location-Based Mobile Games. SpringerBriefs in Applied Sciences and Technology. Springer, Cham. https://doi.org/10.1007/978-3-319-75256-3_2)",Entertainment,N,single-player,site-specific,"Pervasive, Location-based","Cell Phone, Phone camera, GPS","3G, GPS, Wi-Fi",
GPS::Tron,2004,Thomas Winkler,Hartberg,Austria,https://web.archive.org/web/20060829235558/http://gps-tron.datenmafia.org/#,"GPS::Tron is a multiplayer game for java-enabled mobile phones that is a variation of the arcade classic racing game. Tron players move in real space, and GPS is used to track and locate users. GPS::Tron utilizes a cell phone that is connected—via Bluetooth—to an external GPS receiver. This racing game sets two players side-by-side on a digital grid, each driving a different colored vehicle. The players begin driving forward, leaving in their path a digital trail of their vehicle’s color. This trail forms a wall that neither player can cross again, thus making the goal of the game to trap the other player within the digital walls created by the vehicles. Players can collect bonus materials that allow them to get shields and breakthrough a trail left by opponents.The vehicles, however, do not necessarily need to be physically next to each other for the game to work. One player can begin the game on the streets of Los Angeles while the opponent begins the game on the streets of Sydney. Their locations are mapped onto the digital  interface, allowing players from around the globe to compete with each other.","https://www.researchgate.net/profile/Jason_Farman/publication/288316162/figure/fig1/AS:466740988649472@1488291131964/A-Bluetooth-enabled-feature-phone-running-GPSTron-The-two-players-leave-traces-red.png, https://i1.wp.com/www.we-make-money-not-art.com/yyy/gps-foto-spielflaeche%5B1%5D.jpg?w=940, https://web.archive.org/web/20060828111457im_/http://gps-tron.datenmafia.org/images/PICT0395-klein.jpg, https://web.archive.org/web/20060828111457im_/http://gps-tron.datenmafia.org/images/siemens-wiese-small.jpg, https://web.archive.org/web/20060828111457im_/http://gps-tron.datenmafia.org/images//einstellungen.JPG",,"https://ojs.library.queensu.ca/index.php/surveillance-and-society/article/view/misuse/misuses (Farman, J. (2014). Creative misuse as resistance: Surveillance, mobile technologies, and locative games. Surveillance & Society, 12(3), 377-388. doi:10.24908/ss.v12i3.4981), https://dl.acm.org/doi/abs/10.1145/1111293.1111302 (Rashid, O., Mullins, I., Coulton, P., & Edwards, R. (2006). Extending cyberspace: Location based games using cellular phones. Computers in Entertainment (CIE), 4(1), 4-es. doi:10.1145/1111293.1111302), https://we-make-money-not-art.com/the_gps_applica/ (Report, We Make Money Not Art (2005)), https://locativelab.wordpress.com/2007/08/30/location-based-mobile-phone-games-overview/ (Report, Locative Lab (2007))",Entertainment,N,single-player,site-specific,"Location-based, Hybrid Reality","Cell Phone, GPS","GSM, GPS",
Galaxian 2,1981,Entex,"Compton, CA",USA,,"Galaxian 2 is a mobile handheld game developed by Entex. This device is based off the Bally/Midway arcade game, and is named ""Galaxian 2"" because of its multiplayer capability. Gameplay involves players shooting at waves of attacking aliens, with player one being the ship and its optional for the second player to be the attacking aliens. Controls were on both sides of the console, and the gameplay is vertical.","https://www.handheldmuseum.com/Entex/Entex-Galaxian2.jpg, https://www.handheldmuseum.com/Entex/Entex-Galaxian2Box.jpg, https://www.handheldmuseum.com/Entex/Futuretronics-Galaxian2BoxBack.jpg, https://www.handheldmuseum.com/Movies/Doom_1.jpg","https://www.youtube.com/watch?v=5vO-duTJ_U8, https://www.youtube.com/watch?v=TnKz6kwqkvw",,Entertainment,N,multiplayer,site-specific,Handheld,Game Console,,rlglove2@ncsu.edu
Galaxy Twinvader,1981,"CGL, Hanzawa",,Japan,,"Handheld device with multi-directional controller and 3 inputs -- gameplay similar to the game space invaders. The console has a fire button, a joystick for control, a sound on/must switch, a demo button, and a reset button. The display had blue as the ship and red as the enemies players must shoot.","http://handheldempire.com/400x300/game_images/544_1429819423671_CGL_Galaxy_Twinvader.jpg, http://handheldempire.com/400x300/game_images/544_1429819410946_CGL_Galaxy_Twinvader.jpg, https://www.handheldmuseum.com/CGL/CGL-GalaxyTwinvaderDisplay.jpg, https://www.handheldmuseum.com/CGL/CGL-GalaxyTwinvader.jpg","https://www.youtube.com/watch?v=vE7sUBg4slU, https://www.youtube.com/watch?v=IUFqH7Df84g",https://archive.org/details/manuals-handheld-games-CGL-GalaxyTwinvader (Handheld Game Manual: Galaxy Twinvader (C G L)),Entertainment,N,single-player,site-specific,Mobile,Game Console,,rlglove2@ncsu.edu
Game Box Penta,1984,Epoch,Tokyo,Japan,,"Clamshell handheld game with 4 multi-direction input keys, an alarm and date-keeping functions. Gameplay involves moving around to avoid getting caught by enemies and falling debris.","http://www.electronicplastic.com/_images/450/epoch/GameboxPenta-open.jpg, https://i.ytimg.com/vi/GQqP34vYqeM/maxresdefault.jpg, https://www.handheldmuseum.com/Epoch/Epoch-GameBoxPenta.jpg","https://www.youtube.com/watch?v=GQqP34vYqeM, https://www.youtube.com/watch?v=HhetdhW3vsU",,Entertainment,N,single-player,site-specific,Mobile,Game Console,,rlglove2@ncsu.edu
Game Boy Advance SP,2002,Nintendo,,,https://www.nintendo.com/consumer/systems/gameboyadvance_sp/index.jsp,"Flip handheld gaming device, featuring color screen, device came in 13 different colors. It is backwardly compatible with the original Gameboy and Gameboy Color. There are two versions of the handheld. The AGS-001 has a front-lit color LCD, while the AGS-101 has a backlit color LCD.","https://www.slashgear.com/wp-content/uploads/2011/01/gameboy_advance_sp.jpg, https://images.nintendolife.com/2477a621c1360/106-test.900x.jpg",https://www.youtube.com/watch?v=1JASSPvzkiE,"https://archive.ph/20100206051613/http://n-europe.com/news.php?nid=3836#selection-463.0-463.26 (News: GBA SP Press Release), https://www.cnet.com/reviews/nintendo-game-boy-advance-sp-review/ (Nintendo Game Boy Advance SP review)",Entertainment,N,multiplayer,site-specific,Handheld,Game Console,,jjfennim@ncsu.edu
Gameboy Color,1998,Nintendo,,Japan,https://www.nintendo.com/consumer/systems/gameboy/index.jsp,"The Gameboy Color is a small handheld gaming device, featuring a reflective (not lit) color screen and 4-button gameplay input (directional pad and A and B buttons). Device came in 5 different colors (Berry, Grape, Kiwi, Dandelion, and Teal).",https://cdn.chass.ncsu.edu/sites/mglab.chass.ncsu.edu/Gameboy_color.JPG,https://www.youtube.com/watch?v=la--KfCQKA4,"https://the-gadgeteer.com/1998/12/06/gameboy_color_review/ (Review, The Gadgateer (1998)), https://www.nytimes.com/2000/03/25/business/88-million-and-counting-nintendo-remains-king-of-the-handheld-game-players.html (Article, The New York Times (1998)), https://web.stanford.edu/group/htgg/cgi-bin/drupal/sites/default/files2/gshin_2004_1.pdf (Shinn, G. (2004). Case Study: First Generation Pokèmon Games for the Nintendo Game Boy. Retrieved May, 30, 2017.)",Entertainment,N,single-player,site-specific,Handheld,"Game Console, Game Cartridge",,
Garfield (Konami),1991,Konami,Tokyo,Japan,,Garfield is a handheld game developed by Konami featuring the titular character from the hit franchise of the same name. The handheld is orange with a D-pad and action button for gameplay mechanics and 4 system control buttons. The game depicts a classic recurring Garfield scene where he performs on a fence in the middle of the night to a less than enthusiastic crowd. Gameplay involves controlling Garfield while avoiding trash thrown at him and collecting lasagna.,"https://i.ebayimg.com/images/g/y18AAOSwZNleTChd/s-l600.jpg, https://thumbs.worthpoint.com/zoom/images1/1/0316/17/garfield-konami-handheld-lcd-game_1_aef9cdf6c9105f045a9ab647ae9abf74.jpg, https://www.arcade-history.com/images/game/83099_2.png",https://garfield.fandom.com/wiki/Garfield_(Konami_handheld),,Entertainment,N,single-player,site-specific,Mobile,Game Console,,jjfennim@ncsu.edu
Gargoyle’s Quest,1990,Capcom,Osaka,Japan,,"Gargoyle’s Quest is an action platforming game for the Nintendo Game Boy developed by Capcom. Gameplay is split into a top-down view in towns and the overworld and a side-scrolling platforming view. Players control the gargoyle Firebrand, who climbs, jumps, and clings to walls in order to defeat King Breager, who threatens the Ghoul Realm. Firebrand has a power called the Red Blaze, which is destined to save the world, players must use this power as a projectile to attack enemies. The Red Blaze can be powered up throughout gameplay, and is necessary in order to complete the story.","https://upload.wikimedia.org/wikipedia/en/thumb/c/cb/Gargoyles_Quest.jpg/220px-Gargoyles_Quest.jpg, https://metroidvaniareview.com/wp-content/uploads/2021/03/Gargoyles-Quest-Screen-1024x576.png, https://www.gamesdatabase.org/Media/SYSTEM/Nintendo_Game_Boy/Cart/big/Gargoyle-s_Quest_-_1990_-_Capcom_Co.,_Ltd..jpg",https://www.youtube.com/watch?v=Q4KXKBUEZPA,,Entertainment,N,single-player,site-specific,Mobile,"Game Cartridge, Game Console",,rlglove2@ncsu.edu
Geko Smak,2004,Garmin,Kansas,United States,"no website for the game, only for the device: https://buy.garmin.com/en-US/US/p/220#specs (Geko 201)","A rendition of the arcade/fair game ""whack-a-mole"" in which players must navigate, in the physical world, to the location of a virtual ""gecko"" in order to ""smack"" it (which gives the user points). The game relies on the Garmin Geko 201 device, which has this game and three others pre-loaded onto the device).","https://www.pocketgpsworld.com/reviews/geko/scrn_GekoSmak.gif, https://www.forbes.com/images/2003/03/11/tentech_178x350.jpg, https://static.garmincdn.com/en/products/010-00318-00/g/sc-03-lg.jpg",,"https://www.forbes.com/2003/03/11/cx_ah_0311tentech.html#19c831402b27 (Article, Forbes (2003)), https://www.pocketgpsworld.com/garmingeko.php (Review, PocketGPSWorld (2003)), http://static.garmin.com/pumac/Geko201_OwnersManual.pdf (Manual, Garmin (2004))",Entertainment,N,single-player,site-specific,Location-based,GPS,GPS,
Geo TicTac Toe,2006,Peter Kiefer,Zurich,Switzerland,,"The Geo TicTac Toe is a mobile location-based game, LBG. The game is to combine a player's intellectual and sportive skills. There are various tasks the player must do and find by using the TicTac toe board on their screen.",,https://www.researchgate.net/figure/Board-game-Tic-Tac-Toe-left-and-the-spatialized-version-GeoTicTacToe-right_fig1_220633639,"https://www.researchgate.net/publication/220633639_Geogames_-_Intention_Recognition_and_Data_Quality_in_Location-based_Gaming (Kiefer, ""Geogames- intention recognition and data quality in location-based gaming)",,Y,multiplayer,site-specific,Location-based,Camera Phone,GPS,ejstanle@ncsu.edu
Geocaching,2000,Dave Ulmer,Beavercreek,United States,https://www.geocaching.com/play (Geocaching),"Geocaching is an outdoor activity, which involves players finding clues and GPS coordinates online and, then, seeking out a ""cache"" based on the clues and coordinates. The object of Geocaching is to decode the clues and coordinates to find the cache. Upon finding the cache, players typically sign their name to a log and, in some cases, leave objects behind (known as treasures or swag) which can be traded with other players who find the cache. Additionally, some caches contain ""trackables,"" which are objects that contain unique identifiers. Players can collect trackables and move them to another cache in a different location; players who find trackables use the unique identifier to update their location, so that others can track their movement over time.","https://upload.wikimedia.org/wikipedia/commons/thumb/a/a3/The_location_of_the_first_Geocache%2C_east_of_Portland.gif/1920px-The_location_of_the_first_Geocache%2C_east_of_Portland.gif, https://www.geocaching.com/play/Content/images/preview-lg.jpg, https://bloximages.chicago2.vip.townnews.com/homenewshere.com/content/tncms/assets/v3/editorial/c/34/c3449de0-4177-11e7-8a39-c7f086a149bd/5927223e23062.image.jpg","https://www.youtube.com/watch?v=vuFiLhhCNww, https://www.youtube.com/watch?v=K-4q6sYuyfY","https://www.academia.edu/download/31301874/67651503-Mobile-media-apps-in-Urban-Settings-Case-of-Geocatching.pdf (Gnafaki, K. (2011). The use of mobile technology in urban settings: Geocaching mobile app.), https://www.tandfonline.com/doi/abs/10.1080/09603123.2015.1061116 (Robinson, S., & Hardcastle, S. J. (2016). Exploring the attitudes towards and experiences of geocaching amongst families in the community. International Journal of Environmental Health Research, 26(2), 187-197.), http://homenewshere.com/tewksbury_town_crier/news/article_451acdea-4177-11e7-b5d7-8398b83c1a45.html (Article, Tewksbury Town Crier (2017)), https://link.springer.com/article/10.1007/s00779-015-0837-0 (Dunlap, M. A., Tang, A. H. T., & Greenberg, S. (2015). Applying geocaching principles to site-based citizen science and eliciting reactions via a technology probe. Personal and Ubiquitous Computing, 19(5-6), 897-913.), https://www.eludamos.org/index.php/eludamos/article/view/vol6no1-10 (Ihamäki, P. J. (2011). Geocaching: interactive communication instruments around the game. Eludamos. Journal for Computer Game Culture, 6(1), 133-152.), https://link.springer.com/article/10.1007/s00779-011-0497-7 (Neustaedter, C., Tang, A. & Judge, T.K. Creating scalable location-based games: lessons from Geocaching. Pers Ubiquit Comput 17, 335–349 (2013). https://doi.org/10.1007/s00779-011-0497-7), https://www.wsj.com/articles/want-a-modern-day-treasure-hunt-try-geocaching-1526566932 (Article, The Wall Street Journal (2018)), https://www.tandfonline.com/doi/abs/10.1080/09669582.2017.1291646?tab=permissions&scroll=top (Boys, K. A., DuBreuil White, K., & Groover, G. (2017). Fostering rural and agricultural tourism: exploring the potential of geocaching. Journal of Sustainable Tourism, 25(10), 1474-1493.)",Entertainment,N,single-player,site-specific,"Location-based, Pervasive","Cell Phone, GPS",GPS,
Geodashing,2001,GPSGames,Chicago,United States,http://geodashing.gpsgames.org/ (Geodashing - Getting There is All the Fun),"Geodashing involves players, across the world, racing to see who can visit the most number of dash points before a specific deadline. Dash points are specific locations that are randomly selected by computer algorithm and can be located anywhere. The objective of the game is for players to gain points for each place visited. Although there is no ""winner,"" competition exists by seeing who can accumulate the most points. Unlike a similar game, Geocaching, there is no logbook, cache, or swag at a particular location. Players can play individual or in teams of people up to five.","https://exploringoffthebeatenpath.files.wordpress.com/2012/04/arizonageodash2.jpg, https://localwiki.org/media/cache/cc/ce/ccce6e6177ec553fd902684dede45d28.png, https://gpsgames.org/geodashing/Album/Photos/GD240/GD240-BOLA_1544_June_BOLA_Dunlap.jpg",https://www.youtube.com/watch?v=wHjQ2MGNy6k,"https://moreexploringoffthebeatenpath.com/2012/04/30/give-geodashing-a-try/ (Review, More Exploring Off the Beaten Path (2012)), https://journals.sagepub.com/doi/10.1177/1356766710380882#articleCitationDownloadContainer (Çeltek, E. (2010). Mobile advergames in tourism marketing. Journal of Vacation Marketing, 16(4), 267–281. https://doi.org/10.1177/1356766710380882), http://citeseerx.ist.psu.edu/viewdoc/download?doi=10.1.1.530.8727&rep=rep1&type=pdf (Li, M., O'Grady, M., & O'Hare, G.M. (2008). Geo-Gaming: The Mobile Monopoly Experience. WEBIST)",Entertainment,N,single-player,site-specific,Location-based,"Cell Phone, GPS",GPS,
Giga Pet,1997,Tiger Electronics,,,https://gigapets.com/,"Small LCD screen; gameplay involves caring for a pet. Licensed editions exist, as well as modern versions that link with modern phones and include AR.","https://cdn.chass.ncsu.edu/sites/mglab.chass.ncsu.edu/GIGAPET.JPG, https://i.ytimg.com/vi/OzcwS1lwfHg/maxresdefault.jpg, https://gigapets.files.wordpress.com/2018/07/phone-download-2nd-april-2018-2180.jpg?w=1200",https://www.youtube.com/watch?v=OzcwS1lwfHg,"https://www.wired.com/1998/09/furby/ (The Future of Tiger Electronics), https://books.google.com/books?id=eg4EAAAAMBAJ&pg=PA78&lpg=PA78&dq=%22Giga+pets:+Digital+doggie%22+olsen&source= bl&ots=cG4f-swpwG&sig=4kRoso1aDvHWwrirzTHMfz1XXPY&hl=en&sa=X&ei=mLNeUc7LAoaAqgGz54G4BQ&sqi=2&ved=0CC0Q6AEwAA#v=onepage&q&f=false (Giga Pet Digital Doggie Review)",Entertainment,N,multiplayer,site-specific,Handheld,Game Console,,jjfennim@ncsu.edu
Gizmondo,2005,Tiger Telematics,,Sweden,http://www.gizmondo.com/,"The Gizmondo is a handheld game console released by Tiger Telematics in 2005. The handheld could play games via cartridges, as well as other media. Gizmondo models are small with an LCD screen, featured four control buttons on the right, and a control dial on the left side of the console. This console is considered to be a massive failure due to the lack of advertising, low count of games (14), and the executive of Tiger Telematics being involved in the Swedish mafia.","https://images.gnwcdn.com/2012/articles//a/1/5/0/3/8/0/1/11.jpg.jpg/EG11/resize/480x-1/quality/75/format/jpg, https://i.pinimg.com/originals/dd/1c/7d/dd1c7de6ee523caf2dcd17a035953578.jpg, https://thumbs.worthpoint.com/zoom/images3/1/1115/09/gizmondo-smart-adds-handheld-gaming_1_15534104d6535df7d9fdac8121354e0a.jpg, https://imgix.bustle.com/uploads/getty/2019/12/10/2cc7dc2e-ec98-4e85-bc5d-56eca4bd70e3-getty-115146201.jpg?w=1200&h=630&fit=crop&crop=faces&fm=jpg","https://www.youtube.com/watch?v=dv6UaHZxUys, https://www.youtube.com/watch?v=jFDAqJwVDEU","https://www.eurogamer.net/articles/r_gizmondohardware (Gizmondo: Hardware), https://www.cnet.com/reviews/tiger-telematics-gizmondo-review/ (Tiger Telematics Gizmondo review), https://www.inputmag.com/features/remembering-the-swedish-mafias-bizarre-ambitious-game-console-the-gizmondo (The Gizmondo: Remembering the Swedish mafia’s bizarre and ambitious game console), https://www.eurogamer.net/articles/2012-08-06-a-horse-named-gizmondo-the-inside-story-of-the-worlds-greatest-failed-console (A horse named Gizmondo: The inside story of the world's greatest failed console)",Entertainment,N,single-player,site-specific,Mobile,Cell Phone,GPRS,anbaker8@ncsu.edu
Go Game Classic,2001,Wink Back Incorporated,San Francisco,United States,https://www.thegogame.com/team-building-activities/classic-go-game (Go Game Classic),"The Go Game is an urban adventure game played on mobile phones. Teams of 4-8 people are equipped with a map, digital camera, and phone, on which they receive 'missions' to complete throughout the game. These messages ask players to solve a riddle, visit a local landmark, create a photo or video masterpiece, or interact with a Go Game secret agent. After the game, teams get together at a pub and watch the photos and videos on a big screen. They vote via mobile phone on which team's photos they prefer the most.","https://www.thegogame.com/hubfs/assets/images/the-go-game-logo.svg, https://www.thegogame.com/hubfs/1Website/nyc4.jpg, https://www.thegogame.com/hubfs/nyc7_team.jpg, https://www.thegogame.com/hubfs/1Website/gogameclassic_sm.jpg","https://www.youtube.com/watch?v=B-StigW9UDU, https://www.youtube.com/watch?v=L3QsBZ8BhHc, https://www.youtube.com/watch?v=vJDPTL6BL2U","https://www.avantgame.com/McGonigal_THE-PUPPET-MASTER-PROBLEM_MITpress.pdf (McGonigal, J. (2007). The puppet master problem: Design for real-world, mission-based gaming. Second person: Role-playing and story in games and playable media, 154-170.), https://www.theguardian.com/technology/gamesblog/2009/may/13/the-go-game-london-pervasive-gaming (Article, The Guardian (2009)), https://thenextweb.com/insider/2011/08/10/meet-the-go-game-the-godfathers-of-geo/ (Article, The Next Web (2011)), https://www.avantgame.com/MCGONIGAL%20A%20Real%20Little%20Game%20DiGRA%202003.pdf (McGonigal J (2003) A real little game: the pinocchio effect in pervasive play. In: Marinka C, Joost R (eds) Level up conference proceedings: proceedings of the 2003 digital games research association conference. CD ROM. University of Utrecht, Utrecht), http://www.avantgame.com/McGonigal_THIS_MIGHT_BE_A_GAME_sm.pdf (Mcgonigal, J. E. (2006). Power and Superpowers: The Ubiquitous Games – Part II. This might be a game: ubiquitous play and performance at the turn of the twenty-first century (pp. 373-434).), https://gigaom.com/2011/07/11/the-go-game-app-team-building-though-mobile-games/ (Review, GigaOm (2011)), https://journals.sagepub.com/doi/abs/10.1177/1555412006290443 (de Souza e Silva, A., & Delacruz, G. C. (2006). Hybrid Reality Games Reframed: Potential Uses in Educational Contexts. Games and Culture, 1(3), 231–251. https://doi.org/10.1177/1555412006290443)",Entertainment,N,single-player,site-specific,"Location-based, Urban","Cell Phone, Phone camera","GPRS, 3G",
Golden Sun,2001,Camelot Software Planning,Tokyo,Japan,,"Golden Sun is a Japanese role-playing game on the Game Boy Advance. Players control a group of magic teenagers in their goal to protect their world from a long lost destructive power. Gameplay involves exploring, speaking to non-playable characters (NPCs), collecting upgrades, solving puzzles, and battling foes. Golden Sun was intentionally set to be  Nintendo 64 game, but due to development issues was pushed to the Game Boy Advance.","https://assets-prd.ignimgs.com/2022/01/26/golden-sun-1-button-1643159405351.jpg, https://d3jkkawkbsz1q.cloudfront.net/wp-content/uploads/2018/07/golden_sun.jpg, https://upload.wikimedia.org/wikipedia/en/thumb/8/82/GoldenSunPsynergy.png/220px-GoldenSunPsynergy.png","https://www.youtube.com/watch?v=cRIhJ6aqdgI, https://www.youtube.com/watch?v=Z67cTbLdjfg","https://www.metacritic.com/game/game-boy-advance/golden-sun (Metacritic: Golden Sun), https://www.ign.com/games/golden-sun (IGN: Golden Sun)",Entertainment,N,multiplayer,site-specific,Mobile,Game Cartridge,,rlglove2@ncsu.edu
Golden Sun: The Lost Age,2002,Camelot Software Planning,Tokyo,Japan,,"Golden Sun: The Lost Age is the sequel to Golden Sun for the Game Boy Advance. This game continues the story of the first game, and keeps all major gameplay features. Players can transfer their data (with a Game Boy Link cable)  from the first game and continue with their same stats and items. Completing both games with the same save will give the player additional awards. Golden Sun: The Lost Age allows players to complete objectives in their own order.","https://upload.wikimedia.org/wikipedia/en/4/4f/TheLostAgebox.jpg, https://upload.wikimedia.org/wikipedia/en/thumb/2/25/TheLostAgeBattle.png/220px-TheLostAgeBattle.png, https://fs-prod-cdn.nintendo-europe.com/media/images/10_share_images/games_15/game_boy_advance_7/SI_GBA_GoldenSunTheLostAge_image1600w.jpg","https://www.youtube.com/watch?v=nPzBeIATN74, https://www.youtube.com/watch?v=H6MuI1qHLSw",https://www.ign.com/games/golden-sun-the-lost-age (IGN:  Golden Sun: The Lost Age),Entertainment,N,single-player,site-specific,Mobile,"Game Cartridge, Link Cable",Link Cable,rlglove2@ncsu.edu
Gradius,1989,Konami,Tokyo,Japan,,Handheld game/console with two gameplay inputs and space-war narrative. The Gradius handheld is based off of the original game for the NES and Commodore 64. Control and fire buttons were used by the player to shoot down attacking ships. On/off and sound control buttons are also present on the device.,"https://i.ebayimg.com/images/g/rLAAAOSwO8VfuKC9/s-l400.jpg, http://3.bp.blogspot.com/-k83mRYnyEMU/VJrwkXDyhSI/AAAAAAAAEn0/2MIBI-L19lo/s1600/KonamiPortable.jpg, https://i.ytimg.com/vi/d2wvB39dGPw/maxresdefault.jpg",https://www.youtube.com/watch?v=d2wvB39dGPw,http://www.retrogamingart.com/2014/12/konami-portable-video-game-devices.html (Retro Gaming Art: Konami Handhelds),Entertainment,N,single-player,site-specific,Mobile,Game Console,,rlglove2@ncsu.edu
Hamburger,1982,Takara,Tokyo,Japan,,Hamburger is a handheld console developed by Takara. Players use the 2 action buttons to control their character as they do simple tasks to earn score. The system has a built-in clock and can allow up to 4 consoles to be connected for multiplayer using a cable.,"https://www.handheldmuseum.com/Takara/Takara-HamburgerBox.jpg, https://www.handheldmuseum.com/Takara/Takara-Hamburger.jpg",,,Entertainment,N,multiplayer,site-specific,Handheld,"Game Console, Link Cable",Link Cable,rlglove2@ncsu.edu
Hockey,1979,Entex,"Compton, CA",USA,,Hockey is an electronic simulation game developed by Entex. Players could play against one another or a computer. Four yellow arrow keys determined player movement and a yellow shoot button was next to it. Players would look at lights on a hockey rink to determine where their player was and when to shoot if close enough while avoiding opposing players. The console is a dark green and features two sets of controls at opposite ends.,"https://hockeygods.com/system/gallery_images/16143/original.png?1510504741, https://spookyshobbyshop.com/TEMPLATE%20hh%20entex%20hockey%201%20console%20front%20NM.JPG, https://www.handheldmuseum.com/Entex/Entex-HockeyProBoxCanada.jpg",https://www.youtube.com/watch?v=qjnLG7t-GwM,,,N,multiplayer,site-specific,,Game Console,,rlglove2@ncsu.edu
Hot Potato,2008,,,,,This a multi-player mobile game. The article I found shows that maybe this game is linked to Greece.,,,"https://arxiv.org/pdf/1002.1099.pdf (The “Hot Potato” Case: Challenges in Multiplayer Pervasive Games Based on Ad hoc Mobile Sensor Networks and the Experimental Evaluation of a Prototype Game), https://citeseerx.ist.psu.edu/viewdoc/download?doi=10.1.1.96.7238&rep=rep1&type=pdf (Niemi, J., Sawano, S., and Waern, A. (2005). ""Involving Non-Players in Pervasive Games."" ACM.)",,N,multiplayer,site-specific,Pervasive,,,jjfennim@ncsu.edu
Human Pacman,2003,Mixed Reality Lab,,Singapore,None,"A game of a PacMan played in the streets of Tokyo. Players are on one of two teams, either the PacMan team or the Ghost team. The PacMan team has two players that serve as PacMan, plus two helpers who are located remotely. The Ghost team has two ghosts, plus two helpers who are also located remotely. The aim of the game for the PacMan players is to eat ""cookies"" by moving through the physical world (the cookies are visible through an augmented reality device). The Ghost players attempt to ""capture"" the PacMan players.","http://iasl.uni-muenchen.de/links/NAPG_ill3.jpg, http://newsimg.bbc.co.uk/media/images/41215000/jpg/_41215783_pacman_human203b.jpg",,"http://news.bbc.co.uk/2/hi/technology/4607449.stm (Pacman comes to life virtually, BBC article), file:///Users/kyramccall/Downloads/Cheok2004_Article_HumanPacmanAMobileWide-areaEnt.pdf (Human Pacman: a mobile, wide-area entertainment system based on physical, social, and ubiquitous computing)","Entertainment, Interaction",N,multiplayer,site-specific,"Mobile, Hybrid Reality, Location-based","GPS, PDA, Computer, Cell Phone","GPS, Internet",rlglove2@ncsu.edu
Hyper Ski,1984,BANDAI NAMCO,Tokyo,Japan,,"Handheld game focused on a skier avoiding obstacles, requires the user to tilt the device in order to make the ""skier"" move in the right direction (uses a steel ball to determine which direction the device is tilted). Only one additional input, which allows the skier to jump. The obstacles were bunnies and the skier had to go in between slalom flags.","http://electronicplastic.com/_images/450/bandai/_box/HyperSki-front.jpg, http://www.electronicplastic.com/_images/450/bandai/HyperSki-front.jpg",https://www.youtube.com/watch?v=4laGYBDdzHk,,Entertainment,N,single-player,site-specific,Mobile,Game Console,,rlglove2@ncsu.edu
I Like Frank,2004,"Blast Theory, Mixed Reality Lab (University of Nottingham)",Adelaide,Australia,https://www.blasttheory.co.uk/projects/i-like-frank/ (I Like Frank | Blast Theory),"Online players use a virtual map to navigate the city of Adelaide to find and open photos in specific locations. One of the potential photos that they can open offers the location of a hidden object. Once the hidden object is uncovered, the online player must ask a player in the physical world to navigate to that hidden object. Once a player in the physical world agrees to go find the hidden object, the physical world player begins receiving messages about a character ""Frank"" and his journey with the game's creator, which mirrors the journey that the physical world player is currently taking. Upon finding the hidden object (a postcard with a question), the physical world player then directs the question that is on the postcard to the online player.","https://pbs.twimg.com/media/DlCnLq_WwAYMezu?format=jpg&name=small, https://www.blasttheory.co.uk/wp-content/uploads/2013/09/press_ilf_1-800x1194.jpg, https://www.blasttheory.co.uk/wp-content/uploads/2013/09/press_ilf_2-800x535.jpg",https://www.youtube.com/watch?v=Ve7L0bKVEsw,"https://www.blasttheory.co.uk/wp-content/uploads/2016/07/Review_ILF_Edge_Issue-134032004.pdf (Review, Edge (2004)), https://www.blasttheory.co.uk/wp-content/uploads/2016/07/Review_ILF_-Radio-National_10-02-2004.pdf (Review, Radio National (2004)), https://www.blasttheory.co.uk/wp-content/uploads/2016/07/Review_ILF_-British-Arts-Council_2004.pdf (Review, British Arts Council (2004)), https://dl.acm.org/doi/abs/10.1145/1111293.1111302 (Rashid, O., Mullins, I., Coulton, P., & Edwards, R. (2006). Extending cyberspace: location based games using cellular phones. Computers in Entertainment (CIE), 4(1), 4-es.), https://www.blasttheory.co.uk/wp-content/uploads/2016/07/Review_ILF_Livewire_11-03-2004.pdf (Review, Livewire (2004)), https://www.blasttheory.co.uk/wp-content/uploads/2016/07/Review_ILF_Visual-Arts-Culture-Broadsheet_Volume33-No1-02-03-2004.pdf (Review, Contemporary Visual Arts + Culture Broadsheet (2004)), https://www.blasttheory.co.uk/wp-content/uploads/2016/07/Review_ILF_Artstate_Winter-2003.pdf (Review, Artstate (2003)), https://nca.tandfonline.com/doi/abs/10.1080/15295030802468081#.X-KbCdhKiUl (De Souza e Silva, A., & Sutko, D. M. (2008). Playing life and living play: How hybrid reality games reframe space, play, and the ordinary. Critical Studies in Media Communication, 25(5), 447-465.), https://www.blasttheory.co.uk/wp-content/uploads/2016/07/Review_ILF_Art-Hub-News_2004.pdf (Review, Art Hub News 2004)), https://www.blasttheory.co.uk/wp-content/uploads/2016/07/Review_ILF_on-tour_2004.pdf (Review, On Tour (2004)), https://www.blasttheory.co.uk/wp-content/uploads/2016/07/Review_ILF_-Smart-Mobs_10-02-2004.pdf (Review, Smart Mob (2004)), https://www.blastthe(ory.co.uk/wp-content/uploads/2016/07/Review_I-Like-Frank_-The-Advertiser_2004.pdf (Review, The Advertiser (2004)), http://eleven.fibreculturejournal.org/fcj-073-technology-transfer-present-and-futures-in-the-electronic-arts/ (Degger, B. (2008). Technology transfer present and futures in the electronic arts. Fibreculture Journal, (11)), https://www.blasttheory.co.uk/wp-content/uploads/2016/07/Review_ILF_-City-Messenger_14-01-2004.pdf (Review, City Messenger (2004)), https://www.blasttheory.co.uk/wp-content/uploads/2005/02/2005-research_ilf_a_mixed_reality_game_for_3g_phones.pdf (Flintham, M., Benford, S., Humble, J., Tandavanitj, N., Adams, M., & Row-Farr, J. (2001). I Like Frank: a mixed reality game for 3G phones. submitted to IEEE Computer Graphics And Applications.), https://www.blasttheory.co.uk/wp-content/uploads/2016/07/Review_ILF_-Radio-News-Summary_05-03-2003.pdf (Review, Radio News Summary (2003)), https://www.blasttheory.co.uk/wp-content/uploads/2016/07/Review_ILF_British-Council-Australia_-2003.pdf (Review, British Council Australia (2003)), https://www.blasttheory.co.uk/wp-content/uploads/2016/07/Review_ILF_General-3G-Discussion_03-10-2004.pdf (Review, 3G Newsroom (2004)), https://www.blasttheory.co.uk/wp-content/uploads/2016/07/Review_I-Like-Frank_Culture-in-Review_2004.pdf (Review, Culture in Review (2004)), https://www.blasttheory.co.uk/wp-content/uploads/2005/03/2005-research_SuperGaming-Ubiquitous-Play-and-Performance-for-Massively-Scaled-Community.pdf (McGonigal, J. (2005). SuperGaming: Ubiquitous play and performance for massively scaled community. Modern Drama, 48(3), 471-491.), https://www.blasttheory.co.uk/wp-content/uploads/2016/07/Review_ILF_-dbMagazine_10-03-2004.pdf (Review, db Magazine (2004))",Art,N,single-player,site-specific,"Hybrid Reality, Urban","Computer, Cell Phone",3G,
Insectopia,2006,Game Studio: Interactive Institute,,Sweden,https://web.archive.org/web/20071006203953/http://www.insectopia.org/insectopia/,"Players roam the cityscape searching for and catching a multitude of different insects. Each insect in the game world is generated using the Bluetooth devices available in the player's vicinity. By catching insects and trading them with other players, players build their own collections bigger and better. The players are ranked, on a high score list, based on the size of their collection.",,,"http://www.nicolasnova.net/pasta-and-vinegar/2006/09/17/insectopia-context-aware-gaming (Insectopia: context-aware gaming), https://www.ics.uci.edu/~djp3/classes/2015_03_ICS163/Lectures/Lecture_15.pdf (Design: Designing Pervasive Games for Mobile Phones)","Entertainment, Interaction",N,multiplayer,site-specific,"Pervasive, Location-based","Cell Phone, GPS","Bluetooth, GPS, Internet",rlglove2@ncsu.edu
Invader 2000,1993,Gakken,Tokyo,Japan,,"Handheld game/console, similar to several point-and-shoot Atari games (like Space Invaders) released in the early 1980s. Sold by Radioshack in the US. Gameplay involved commanding a spaceship, while shooting enemies and dodging missiles. The console came in a red and orange colorway. Invader 2000 was the sequel to Galaxy Invader 1000, an older game made by Gakken.","http://electronicplastic.com/_images/450/gakken/_box/Invader2000-front.jpg, https://i.ytimg.com/vi/wMJ_cddamL0/maxresdefault.jpg",https://www.youtube.com/watch?v=wMJ_cddamL0,"https://www.retrogames.co.uk/019285/Handheld/Invader-2000-by-Gakken (Retro Games: 	Invader 2000 by Gakken)",Entertainment,N,single-player,site-specific,Mobile,Game Console,,rlglove2@ncsu.edu
Kangoku Lock,1982,Takara,Tokyo,Japan,,"Kangoku Lock is a handheld console developed by Takara. Players use the two action buttons to control their character as they do simple tasks to earn a score. The system has a built-in clock and can allow up to four consoles to be connected for multiplayer, using a cable that comes in-box.","https://www.handheldmuseum.com/Takara/Takara-KangokuLockBox.jpg, https://www.handheldmuseum.com/Takara/Takara-KangokuLock.jpg",,,Entertainment,N,multiplayer,site-specific,Handheld,"Game Console, Link Cable",Link Cable,rlglove2@ncsu.edu
Karate King,1989,Tiger Electronics,,United States,,"Small handheld device/game, allowing navigational control and two unique input controls (punch, kick/accelerate, break). The handheld took two AA batteries, and were marketed as being cheaper than the Nintendo Game Boy. Karate King allowed for one to two players, but not simultaneously. Gameplay involved kicking and punching your opponent to knock them out of 30 hit points.","https://i.ytimg.com/vi/6CKbxRfiMlM/maxresdefault.jpg, https://thumbs.worthpoint.com/zoom/images1/1/1120/17/karate-king-electronic-handheld-game_1_5af8e4e48d6d714099c54885244eff1d.jpg, https://www.picclickimg.com/d/l400/pict/323667704044_/Karate-King-LCD-Game-Tiger-Electronics-INC-Vintage.jpg",https://www.youtube.com/watch?v=Omyp1BJ1Fi8,,Entertainment,N,multiplayer,site-specific,Mobile,Game Console,,ejstanle@ncsu.edu
Keith Courage in Alpha Zones,1989,"Hudson Soft, NEC",Tokyo,Japan,,"A sci-fi platformer for the TurboGrafx-16 and Turbo Express Handheld. Players control Keith Courage as he fights off an alien invasion with his sword. Keith Courage in Alpha Zones has seven levels, taking place in the vertically platforming overworld and the horizontal and vertically platforming underworld. Players must combat enemies in each setting, with the underworld being more difficult. This game is based on the anime Spirit Hero Wataru.","https://m.media-amazon.com/images/I/91MFAWOvO3L._SX342_.jpg, https://m.media-amazon.com/images/I/81D34AwX2HL._SL1500_.jpg, https://www.videogamex.com/image/cache/catalog/TG16/keithcourage-1000x665w.jpg",https://www.youtube.com/watch?v=k9EM_1VWOR4,"https://www.gamedeveloper.com/business/stalled-engine-the-turbografx-16-turns-25 (Stalled engine: The TurboGrafx-16 turns 25), https://www.engadget.com/2008-03-13-virtually-overlooked-keith-courage-in-alpha-zones.html (Virtually Overlooked: Keith Courage in Alpha Zones)",Entertainment,N,single-player,site-specific,Mobile,Game Console,,ejstanle@ncsu.edu
Kirby & the Amazing Mirror,2004,HAL Laboratory,Tokyo,Japan,,"Kirby & the Amazing Mirror is a platformer on the Gameboy Advance in the popular ""Kirby"" series of games. Players must explore levels while defeating enemies, solving puzzles, and collecting items. Kirby has the ability to copy enemies' abilities and use them for himself, helping the player traverse the game with different powers. The game takes place in a maze-like setting, in which the player can pick and choose where they want to go depending on the current power Kirby has. The player must collect 8 mirror fragments throughout the world in order to save Meta Knight and the Mirror World from an evil copy of Meta Knight, ""Dark Meta Knight."" Kirby & the Amazing Mirror is considered one of the best Kirby games.","https://upload.wikimedia.org/wikipedia/en/0/0b/Kirby_%26_the_Amazing_Mirror.jpg, https://s3.amazonaws.com/retronauts-www/assets/editorial/2019/04/k1-1.png, https://i0.wp.com/4.bp.blogspot.com/-gcvP5B2Te0c/XAJCEK5LF9I/AAAAAAAAERc/9LHv-RxOvx0luTvqVeb0ZMQu8dzqpGgeQCEwYBhgL/s1600/taking%2Bthe%2Bplunge.png?resize=751%2C500&ssl=1","https://www.youtube.com/watch?v=5g-QKBT0ZPc, https://www.youtube.com/watch?v=YFIWiWjREHs",https://www.ign.com/games/kirby-the-amazing-mirror (IGN: Kirby & The Amazing Mirror),Entertainment,N,multiplayer,site-specific,Mobile,Game Cartridge,,rlglove2@ncsu.edu
Kirby Super Star Ultra,2008,HAL Laboratory,Tokyo,Japan,,"Kirby Super Star Ultra is a platforming anthology game for the Nintendo DS. It is an enhanced remake of Kirby Super Star (a game for the Super Nintendo). There are 11 different game modes, including seven from the original game and four new ones, which are modified versions of original modes. Six game modes are story driven, one is a racing game, three are for boss fight rematches, and one is an adventure/collection mode. Gameplay involves players controlling Kirby, who can fly and absorb the powers of enemies he absorb, while defeating enemies, avoiding obstacles, and solving puzzles. Multiplayer is possible through the DS's infrared connection and DS Download Play app. Additional players act as an assistant to Kirby, with his movement and strength, except the ability to change their power.","https://assets1.ignimgs.com/2020/03/16/kirby-superstar-ultra---button-1584390982243.jpg, https://dsmedia.ign.com/ds/image/article/933/933042/kirby-super-star-ultra--20081124032724031.jpg, https://www.wikihow.com/images/thumb/7/7c/Beat-the-Arena-in-Kirby-Super-Star-Ultra-Step-8.jpg/v4-460px-Beat-the-Arena-in-Kirby-Super-Star-Ultra-Step-8.jpg.webp","https://www.youtube.com/watch?v=U9FFlcCqEsY, https://www.youtube.com/watch?v=igH8pANoW7A",https://www.ign.com/games/kirby-super-star-ultra (IGN: Kirby Super Star Ultra),"Entertainment, Interaction",N,multiplayer,site-specific,Mobile,Game Cartridge,Infrared,rlglove2@ncsu.edu
Kirby's Dream Land,1992,HAL Laboratory,Tokyo,Japan,,"Kirby's Dream Land is an action platformer for the Nintendo Game Boy. Players control Kirby as he jumps, runs, and flies through 2D levels in his quest to stop King Dedede from stealing all the food in Dream Land. The main method of attacking enemies is for the player to make Kirby suck something up and then fire it out of his mouth, dealing damage to opponents or objects around the map. Kirby's Dream Land was designed to be an easy game for beginners, but players can modify Kirby's health and maximum life count for added challenge.","https://upload.wikimedia.org/wikipedia/en/8/83/Kdl1ussmall.jpg, https://i.ytimg.com/vi/giWzzjEgGIM/hqdefault.jpg, https://sonicfangameshq.com/forums/attachments/kirby-dream-land-plus-png.9212/",https://www.youtube.com/watch?v=giWzzjEgGIM,,Entertainment,N,single-player,site-specific,Mobile,"Game Cartridge, Game Console",,rlglove2@ncsu.edu
Lemmings,1993,Hewlett-Packard,,USA,https://lemmings.fandom.com/wiki/Main_Page,"The game Lemmings was released in 1993, which could be programmed into the calculator. The HP-48 series includes the HP 48S, HP 48SX, HP 48G, HP 48GX, and HP 48G+.","https://lh3.googleusercontent.com/proxy/RZFbGMU4xy53lyEZN-YutJAmGQ6iV4GNL4sUPnWvhmtmI7eKptNARNpFd9mSGlzmOkQYxz9inFfpptMMzUrdyeyjXA, https://www.hpcalc.org/hp48/pc/pictures/huge48gx.jpg, https://decalculators.com/wp-content/uploads/2018/11/HP-48G-Vs-48GX-3.jpg",https://www.youtube.com/watch?v=OTPruRVV-e8,"https://www.hpmuseum.org/hp48s.htm (The Museum of HP Calculators), https://www.pobonline.com/articles/85345-the-end-of-an-era?v=preview (The End of An Era HP-48), https://scruss.com/blog/2014/01/09/the-hp48-the-best-calculator-ever/ (The HP48: the best calculator ever)",Entertainment,N,multiplayer,site-specific,Pervasive,Calculator,,ejstanle@ncsu.edu
Lemmings,1994,Pysgnosis,Liverpool,England,,"Lemmings is a puzzle/strategy game for the Sega Game Gear developed by Psygnosis. Players are tasked to help rescue lemmings across the 120 levels in the game, while avoiding obstacles and hazards. The player controls a crosshair that can direct Lemmings, and each level has a different range of skills, a different amount of Lemmings, and a different percentage target in order to progress.","http://www.retroplace.com/pics/gamegear/packshots/35164--lemmings.png, https://i.ebayimg.com/images/g/q4EAAOSwFWhgsbs9/s-l300.jpg, https://c8.alamy.com/comp/2CBXR91/lemmings-sega-master-system-sms-editorial-use-only-2CBXR91.jpg","https://www.youtube.com/watch?v=3jbiquCYOFE, https://www.youtube.com/watch?v=7fU5QMBRLes",,Entertainment,N,single-player,site-specific,Handheld,"Game Console, Game Cartridge",,rlglove2@ncsu.edu
Lifestylers,2000,Picofun,Stockholm,Sweden,,"Lifestylers is a community-based, mobile game that allows players to create their own character, or ""Lifestyler,"" who will live life according to the player's desire.  Each Lifestyler receives a certain classification in society, such as ""Casanova"" or ""Geek.""  Lifestylers face a wide variety of situations, both exhilarating, like participating in a mystery experiment and mundane, like eating dinner. Players earn points based on how they react to these situations.  The objective of the game is for the player to earn  points towards becoming the best within their societal classification and, ultimately, to become a celebrity in their city.","https://ptgmedia.pearsoncmg.com/images/chap3_0672323427/elementLinks/03fig10.jpg, https://image.slideserve.com/62519/lifestylers-l.jpg, https://media.pocketgamer.biz/2008/12/9637/wireless-pets-2001-r471x.jpg",https://www.youtube.com/watch?v=g0lrIi0ce5E,"https://www.theseus.fi/bitstream/handle/10024/120761/Final%20Thesis%20Giang%20Vu.pdf?sequence=1&isAllowed=y (Mobile Marketing For Mobile Games), https://www.informit.com/articles/article.aspx?p=28431&seqNum=3 (Big Games, Small Screens), https://www.pocketgamer.biz/feature/10691/a-brief-history-of-mobile-games-2001-a-mobile-odyssey/ (A Brief History of Mobile Games: 2001 - A Mobile Odyssey), https://news.cision.com/aspiro/r/aspiro-s-lifestylers-game-at-major-mobile-operator-in-usa,c132880 (Aspiro’s Lifestylers game at major mobile operator in USA, 2004)",Entertainment,N,multiplayer,site-specific,Mobile,Cell Phone,"Internet, GPRS",rlglove2@ncsu.edu
LocoRoco,2006,Japan Studio,Tokyo,Japan,,"LocoRoco is a puzzle/platforming game for the Sony PSP. Players control the level's movement using the bumpers, guiding the LocoRoco to safety, avoiding enemies and obstacles. The game has 5 worlds with 8 levels in each. Score is based on amount of LocoRoco saved and time taken to complete the level, with the main goal of reaching the finish line.","https://upload.wikimedia.org/wikipedia/en/thumb/2/27/LocoRoco_Coverart.png/220px-LocoRoco_Coverart.png, https://upload.wikimedia.org/wikipedia/en/thumb/1/12/Locoroco-screen.jpg/220px-Locoroco-screen.jpg, https://kresnik258gaming.files.wordpress.com/2021/10/thumb-1920-666857.jpg?w=1200",https://www.youtube.com/watch?v=z3xQtyce62o,,Entertainment,N,single-player,site-specific,Mobile,Game Cartridge,,rlglove2@ncsu.edu
Mad City Mystery,2007,MIT Education Arcade,,,,"Players walk around the University of Wisconsin-Madison campus with a handheld GPS device, so they can try to solve the mystery of an unexpected drowning accident. They form hypotheses on what caused the person (named Larry) to drown and meet with/interact with other virtual people in the game who provide evidence, counter-evidence, and other information to help solve the mystery. The game takes anywhere between 90-120 minutes.",https://media.springernature.com/lw685/springer-static/image/art%3A10.1007%2Fs10956-006-9037-z/MediaObjects/10956_2006_9037_Fig1_HTML.gif?as=webp,https://vimeo.com/9570092,"https://repository.isls.org/bitstream/1/3284/1/45-46.pdf (Designing an Augmented Reality Game-based Curriculum), file:///Users/lande/Downloads/Squire-Jan2007_Article_MadCityMysteryDevelopingScient.pdf (Mad City Mystery: Developing Scientific Argumentation Skills with a Place-based Augmented Reality Game on Handheld Computers), https://www.cee.org/sites/default/files/news-events/digital-gamebased-learning.pdf (Beyond Textbooks and Lectures: Digital Game-Based Learning In STEM Subjects)",Education,N,single-player,site-specific,Mobile,Computer,GPS,rlglove2@ncsu.edu
Majestic,2001,Electronic Arts,Redwood City,United States,,"An augmented reality game (ARG) released by Electronic Media that involved players receiving instant messages, emails, faxes, and voicemails. The game, which was marketed as an immersive science fiction thriller, was released on July 31, 2001 in five separate episodes. The purpose of the game was for players to uncover the truth behind a conspiracy. Ultimately, the game was unable to attract enough players for its paid subscription service and was canceled in 2002.",https://upload.wikimedia.org/wikipedia/en/6/64/Majestic_logo.jpg,https://youtu.be/PcTDMYq3xCw,https://www.engadget.com/2013-01-26-the-game-archaeologist-eas-majestic.html (The Game Archaeologist: EA's Majestic),Entertainment,N,single-player,site-specific,Hybrid Reality,Cell Phone,SMS,rlglove2@ncsu.edu
Mario Kart DS,2005,Nintendo,Tokyo,Japan,,"Mario Kart DS is a racing game developed by Nintendo featuring characters and elements from the Mario franchise. Races can have up to 8 drivers and must use powerups and attacks to speed up or slow others down. This was the first game in the series to utilize the Nintendo Wi-Fi Connection in order for players to compete over the internet. Another first for the series was using retro tracks, giving courses from previous installments of the series a modern touch up. Mario Kart DS is the third highest selling game for the Nintendo DS.","https://images.nintendolife.com/06d7690729d0c/mario-kart-ds.large.jpg, https://m.media-amazon.com/images/M/MV5BZjlhZTgyOTYtMDU3Mi00NjdjLTgxOTYtNTk4ZjE2NTBjY2VlXkEyXkFqcGdeQXVyNjk2NDg1NjM@._V1_.jpg","https://www.youtube.com/watch?v=vkLgmH50m_g, https://www.youtube.com/watch?v=9LhN8GepBEQ","https://www.ign.com/articles/2005/11/12/mario-kart-ds (IGN: Mario Kart DS), https://www.eurogamer.net/articles/r_mariokart_ds (Eurogamer: Mario Kart DS)","Entertainment, Interaction",N,single-player,site-specific,Mobile,Game Console,Wi-Fi,anbaker8@ncsu.edu
Mario Kart: Super Circuit,2001,Intelligent Systems,Kyoto,Japan,,"Mario Kart: Super Circuit is a racing game for the Nintendo Game Boy Advance. The third entry in the series, this title  is the first to be available on a portable system. The same cast of characters from Mario Kart 64 are available in this game, as well as the same 5 game modes. Multiplayer was possible through the Game Boy Link cable. Super Circuit has 20 new courses for players to race through, as well as the 20 from Super Mario Kart (SNES).","https://images.nintendolife.com/screenshots/37182/large.jpg, https://miro.medium.com/max/1080/1*WLWFXwZP9BX45XVgZkKFiQ.png, https://encrypted-tbn0.gstatic.com/images?q=tbn:ANd9GcQ7bNHEFOb04u9FB5mi0klzoS0eHlV_E-VSmA&usqp=CAU, https://static.wikia.nocookie.net/ultimatepopculture/images/9/90/Super_Circuit.jpg/revision/latest?cb=20180310164014","https://www.youtube.com/watch?v=USFwEmkk1tA, https://www.youtube.com/watch?v=qnHC3Cy4hGo, https://www.youtube.com/watch?v=eKenhVh-9UE",,"Entertainment, Interaction",N,multiplayer,site-specific,Handheld,"Game Cartridge, Game Console",Link Cable,rlglove2@ncsu.edu
Mario Vs Donkey Kong,2004,Nintendo,Tokyo,Japan,,"Mario Vs Donkey Kong is a platform puzzle game for the Nintendo Gameboy Advance. Gameplay involves platforming as Mario moves through levels in order to retrieve toys that Donkey Kong stole. Stages include collecting keys to unlock the next level, guiding smaller moving toys to achieve a goal for Mario, and boss fights where Mario must defeat Donkey Kong to proceed in the game. Mario Vs Donkey Kong received favorable reviews in 2004 and a sequel was released in 2006 for the Nintendo DS.","https://assets1.ignimgs.com/2019/05/31/mario-vs-donkey-kong-1-button-arranged-1559263344594.jpg, http://www.nintendoworldreport.com/media/39816/4/1.jpg, https://assets.catawiki.nl/assets/2020/2/5/3/1/9/3195fecb-3c05-42af-808a-73349d30fb78.jpg, https://http2.mlstatic.com/D_NQ_NP_767692-MLM50629234712_072022-W.jpg","https://www.youtube.com/watch?v=Ip5oAXDsPVs, https://www.youtube.com/watch?v=PMWnLm00Qv0","https://www.metacritic.com/game/game-boy-advance/mario-vs-donkey-kong (Metacritic: Mario Vs Donkey Kong), https://www.ign.com/articles/2004/05/24/mario-vs-donkey-kong (IGN: Mario vs. Donkey Kong)",Entertainment,N,single-player,site-specific,Mobile,Game Cartridge,,rlglove2@ncsu.edu
Mario and Luigi: Superstar Saga,2003,AlphaDream,Tokyo,Japan,,"Mario and Luigi: Superstar Saga is a role-playing game developed by AlphaDream for the Nintendo Game boy Advance. The game's narrative focuses on Mario and Luigi traveling to beat two enemies named Cackletta and Fawful, because they stole princess Peach's voice. Gameplay involves turn based combat and controlling Mario and Luigi at the same time in order to successfully defeat opponents.","https://fs-prod-cdn.nintendo-europe.com/media/images/10_share_images/games_15/game_boy_advance_7/SI_GBA_MarioAndLugiSuperStarSaga_image1600w.jpg, https://mario.wiki.gallery/images/3/3b/TolstarBattleMLSS.png, https://www.gamesdatabase.org/Media/SYSTEM/Nintendo_Game_Boy_Advance/Title/big/Mario_-_Luigi-_Superstar_Saga_-_2003_-_Nintendo.jpg",https://www.youtube.com/watch?v=ZiLwnzGnbTQ,"https://www.ign.com/wikis/mario-luigi-superstar-saga/Walkthrough (IGN: Mario & Luigi: Superstar Saga Walkthrough), https://www.metacritic.com/game/game-boy-advance/mario-luigi-superstar-saga (Metacritic: Mario and Luigi: Superstar Saga)",Entertainment,N,single-player,site-specific,Handheld,"Game Cartridge, Game Console",,rlglove2@ncsu.edu
Mario vs. Donkey Kong 2: March of the Minis,2006,Nintendo,Tokyo,Japan,,"Mario vs. Donkey Kong 2: March of the Minis is a Nintendo DS game and is a more puzzle oriented sequel to Mario Vs Donkey Kong from the Gameboy Advance. Players would use the DS's touch screen and stylus to influence the movement of toy ""Mini-Marios"" in order for them to reach a specific location and complete the level. The Mini-Marios lack self-preservation, so the player must protect them all from getting damaged and destroyed. The touchscreen would allow players to swipe, rotate, and tap the Mini-Marios in order to control their actions. The D-pad controls the camera angle.","https://assets1.ignimgs.com/2019/05/31/mario-vs-donkey-kong-2-march-of-the-minis---button-1559263583250.jpg, https://assets.reedpopcdn.com/ss_preview_i_10204.jpg/BROK/resize/1200x1200%3E/format/jpg/quality/70/ss_preview_i_10204.jpg, https://dsmedia.ign.com/ds/image/article/768/768808/mario-vs-donkey-kong-2-march-of-the-minis-20070228102557900.jpg","https://www.youtube.com/watch?v=IEIRVzTCUvI, https://www.youtube.com/watch?v=NMRMIby-64U","https://www.ign.com/articles/2007/02/28/mario-vs-dk-2-march-of-the-minis-uk-review (IGN: Mario vs. DK 2: March of the Minis UK Review), https://howlongtobeat.com/game?id=5661 (How Long is Mario vs. Donkey Kong 2: March of the Minis?)",Entertainment,N,single-player,site-specific,Mobile,Game Cartridge,,rlglove2@ncsu.edu
Mattel Auto Race,1976,Mattel,,United States,,"Possibly the first mobile game and the first in the Mattel line of handheld mobile games. In this game, the player changes gears to race against red dots that represent cars. This game is often overshadowed by the more successful 'sequel' Mattel Football. The handheld was single player and required batteries.","https://www.handheldmuseum.com/Mattel/Mattel-AutoRace.jpg, https://live.staticflickr.com/8619/15980912011_2abdf8a97c_b.jpg, https://alchetron.com/cdn/mattel-auto-race-666814ad-802c-4bea-97a6-0b8dc0cd3bc-resize-750.jpeg, https://image.jimcdn.com/app/cms/image/transf/dimension=523x10000:format=jpg/path/s45d479059abc969b/image/i61eaee9cdf45db5b/version/1457953223/mattel-auto-race.jpg","https://www.youtube.com/watch?v=BlImnHlKvlQ, https://www.youtube.com/watch?v=l72CDVzrtiQ","https://news.google.com/newspapers?nid=1955&dat=19771106&id=mMktAAAAIBAJ&sjid=xaAFAAAAIBAJ&pg=2512,2834835 (Newspaper Advertisement 1977), https://ultimatehistoryvideogames.jimdofree.com/mattel-auto-race/ (Mattel Auto Race: Ultimate History of Video Games), https://www.handheldmuseum.com/Mattel/AutoRace.htm (Handheld Museum: Mattel Auto Race)",Entertainment,N,single-player,site-specific,Mobile,Game Console,,rlglove2@ncsu.edu
Mattel Dungeons and Dragons,1981,Mattel,"El Segundo, CA",USA,,"A handheld game console based off the RPG Dungeons and Dragons produced by Mattel. In this game, players would traverse through a maze , avoid obstacles, and slay a dragon. There are three main controls, cursor, attack, and move. The cursor would help you choose your path. Dungeons and Dragons is a bout the size of a credit card and run on two small watch batteries.","https://padandpixel.com/wp-content/uploads/2021/05/FdZgC2qIQjaJBbIK5vhsog.jpg, https://www.handheldmuseum.com/Mattel/Mattel-DungeonsDragonsBox.jpg, https://i.ytimg.com/vi/uY2OI7sVHjQ/maxresdefault.jpg","https://www.youtube.com/watch?v=Sh297tbH5OI, https://www.youtube.com/watch?v=uY2OI7sVHjQ","https://web.archive.org/web/20120806221802/http://dvice.com/archives/2008/03/10_great_forays.php (The 13 best electronic versions of Dungeons & Dragons), https://padandpixel.com/mattels-dungeons-dragons-1970s-inspiration/ (The Inspiration Behind Mattel’s Handheld D&D Game)",Entertainment,N,multiplayer,site-specific,Mobile,Game Console,,ejstanle@ncsu.edu
Mattel Electronics Horoscope Computer,1979,Mattel,"El Segundo, CA",USA,,"The Mattel Electronics Horoscope Computer is a small handheld device that is designed to predict your horoscope and compatibility with others. Users have access to predictions for all 12 astrological signs. The other inputs are ""love,"" ""career,"" ""travel,"" ""money,"" ""friends,"" ""spirit,"" ""family,"" and ""creative."" Users would select the astrological sign that applies to them from the circle of inputs to the left, then select a category for a prediction from the inputs to the right, and then receive a vague message in the middle of the circle. According to the instructions, the game was only accurate from June 1, 1979 to December 31, 1987.","https://www.handheldmuseum.com/Mattel/Mattel-HoroscopeComputerBox.jpg, https://www.handheldmuseum.com/Mattel/Mattel-HoroscopeComputer.jpg, https://atariage.com/forums/uploads/monthly_05_2010/post-13896-127471023402.jpg",https://www.youtube.com/watch?v=Tp1Fq0alt7Q,https://www.handheldmuseum.com/Mattel/HC.htm (Handheld Museum: Computer Horoscope),"Entertainment, Interaction",N,single-player,site-specific,Handheld,Game Console,,jjfennim@ncsu.edu
Mattel Football,1977,Mattel,,United States,,Handheld gaming console that simulates playing football-- requires single players to move across a small rectangular (football field) screen and surpass obstacles to score.,https://cdn.chass.ncsu.edu/sites/mglab.chass.ncsu.edu/IMG_3136.JPG,https://www.youtube.com/watch?v=EQlJL71-_C4,"https://www.handheldmuseum.com/Mattel/FB.htm (Catalog Entry, Handheld Museum)",Entertainment,N,single-player,site-specific,Handheld,Game Console,,
Mega Man V,1994,Capcom,Osaka,Japan,,"Mega Man V is an action platforming game developed by Capcom for the Nintendo Game Boy. Players control Mega Man as he traverses through levels, avoiding obstacles and taking down bosses. Once a player defeats a boss, they receive a power-up related to said boss, that helps them throughout the game. Some power-ups are more useful against certain bosses than others, so the game recommends taking them down in a specific order, if the player wants to be as effective as possible. The plot of the game reveals that Mega Man must stop a group of powerful robots called the ""Stardroids"" from invading Earth.","https://upload.wikimedia.org/wikipedia/en/thumb/f/f5/Megamanvbox.jpg/220px-Megamanvbox.jpg, https://fs-prod-cdn.nintendo-europe.com/media/images/10_share_images/games_15/virtual_console_nintendo_3ds_7/SI_3DSVC_MegaMan5Gameboy_image1600w.jpg, https://img.delvenetworks.com/gdX9KjCLT1wmBYosX6fyt0/UMqv4z9EQiAv-KKkYmWJXI/sZv.540x324.jpeg",https://www.youtube.com/watch?v=bwtAEweHofg,,Entertainment,N,single-player,site-specific,Mobile,"Game Cartridge, Game Console",,rlglove2@ncsu.edu
Memory Race,2004,Garmin,Kansas,United States,"no website for the game, only for the device: https://buy.garmin.com/en-US/US/p/220#specs (Geko 201)","A classic game of ""matching pairs by memory"" through a GPS (Garmin Geko 202) interface. The GPS interface is divided into tiles. To ""flip"" a tile and find matching tiles, the player must navigate in space to the position of the tile. Once a tile is flipped, the player then moves to a different location to flip another tile with the hope that both flipped tiles match one another. The game continues until the player has successfully matched all tiles, which constitutes a win.","https://www.pocketgpsworld.com/reviews/geko/scrn_MemoryRace.gif, https://www.forbes.com/images/2003/03/11/tentech_178x350.jpg, https://static.garmincdn.com/en/products/010-00318-00/g/sc-03-lg.jpg",,"https://www.forbes.com/2003/03/11/cx_ah_0311tentech.html#19c831402b27 (Article, Forbes (2003)), https://www.pocketgpsworld.com/garmingeko.php (Review, PocketGPSWorld (2003)), http://static.garmin.com/pumac/Geko201_OwnersManual.pdf (Manual, Garmin (2004))",Entertainment,N,single-player,site-specific,Location-based,GPS,GPS,
Metroid: Zero Mission,2004,Nintendo,Tokyo,Japan,,"Metroid: Zero Mission is an action-adventure game for the Gameboy Advance, and is a remake of the original NES Metroid game. Players control Samus Aran, a space bounty hunter, through a large open world on the planet Zebes. Power-ups are frequent throughput the world to help the player defeat Space Pirates and to access new areas of the world (with the goal to stop the Space Pirates from experimenting on Metriods). Metroid: Zero Mission features many characters and items used in the popular fighting series ""Super Smash Bros.""","https://upload.wikimedia.org/wikipedia/en/thumb/7/7d/Metroid_--_Zero_Mission_%28box_art%29.jpg/220px-Metroid_--_Zero_Mission_%28box_art%29.jpg, https://www.romhacking.net/translations/gba/images/titles/788titlescreen.png, https://hardcore-gamer.s3.amazonaws.com/uploads/2021/09/metroid1.jpg","https://www.youtube.com/watch?v=3WcR9VI_rt8, https://www.youtube.com/watch?v=L7lpsDJLOo8",https://www.ign.com/games/metroid-zero-mission (IGN: Metroid: Zero Mission),Entertainment,N,single-player,site-specific,Mobile,Game Cartridge,,rlglove2@ncsu.edu
Microvision,1979,Milton Bradley,,,,"Handheld gaming console- uses inter-changeable cartridges, LCD screen. Game cartridges provided hardware to help system the system run, in order for it to be more compact.","https://cdn.chass.ncsu.edu/sites/mglab.chass.ncsu.edu/microvision.JPG, http://4.bp.blogspot.com/-BXnVJEGrZ1A/Va_aT4aqmkI/AAAAAAAAQP8/ahbS4AGAhxM/s1600/microvision%2B1.jpg, https://albinofarmthemovie.com/wp-content/uploads/2020/03/Milton-Bradley-Microvision-2.jpg",https://www.youtube.com/watch?v=-HuVfW3IWOA,"https://web.archive.org/web/20180821212220/http://www.handheldmuseum.com/MB/uVUS.htm (Milton Bradley Microvision (U.S.) (1979, LCD, 9 Volt (1 or 2), Model# 4952)), https://web.archive.org/web/20130125081809/http://www.revrob.com/sci-a-tech-topmenu-52/86-milton-bradley-Microvision-the-worlds-first-handheld-game-console (Milton Bradley Microvision: The World's First Handheld Game Console)",Entertainment,N,multiplayer,site-specific,Handheld,Game Console,,jjfennim@ncsu.edu
Missile Attack,1977,Mattel,"El Segundo, CA",United States,,"Released in 1976, this game requires the player to fire missiles at attacking adversaries, while the players aircraft stays at the bottom of the screen. This game did not sell well, due to the name and the fear of the Cold War. Mattel would eventually rename this game as Space Alert with a Battlestar Galactica theme. This console is powered by a 9V battery.","https://www.handheldmuseum.com/Mattel/Mattel-MissileAttack.jpg, https://thumbs.worthpoint.com/zoom/images1/1/0211/24/mattel-missile-attack-handheld_1_6b81ea54970c63d7fd908c446fd0399f.jpg, https://i.ytimg.com/vi/bmtHVBEt6NM/hqdefault.jpg",https://www.youtube.com/watch?v=yzIDTmR-cJ0,https://www.handheldmuseum.com/Mattel/MissileAttack.htm (Handheld Museum: Missile Attack),Entertainment,N,single-player,site-specific,Mobile,Cell Phone,,ejstanle@ncsu.edu
Missile Defender,1984,Casio,Tokyo,Japan,,"Missile Defender is a handheld gaming console developed in 1984 by the famous watch company. the handheld is a small rectangle, with an LCD screen, two control buttons, and off and on switch, and a unique rotating input for movement. Gameplay involved the player shooting down attacking jets with a tank.","https://www.handheldmuseum.com/Casio/Casio-MissileDefender.jpg, https://casio.ledudu.com/images/jeux/casio/boites/CG83.jpg, https://i.ytimg.com/vi/cxNsfSk65fc/maxresdefault.jpg",https://www.youtube.com/watch?v=cxNsfSk65fc,http://handheldempire.com/game.jsp?game=475 (Handheld Empire: Missile Defender),Entertainment,N,single-player,site-specific,Handheld,Game Console,,jjfennim@ncsu.edu
MobiMissions,2007,"Mixed Reality Lab, Futurelab",Bristol,United Kingdom,https://www.nottingham.ac.uk/research/groups/mixedrealitylab/works/mobimissions.aspx,"MobiMissions is a location-based phone experience for teens in the UK, which allows players to create or respond to missions around the city. Missions are created by players embedding photographs and text instructions onto locations. Another player can ""discover"" these missions by traveling to that location (the mission is found by Cell-ID), then choosing whether to follow the text instructions to complete the mission. Completing the mission requires players to document their efforts with photos and textual descriptions. The game was created for teens between the ages of 16-18 to explore, learn, and interact with people and places around the community.",https://d3i71xaburhd42.cloudfront.net/22eab9fcc74b009e0f021d4eac3100f919de9bc7/2-Figure2-1.png,"https://youtu.be/PMi8HvK07YY, https://www.youtube.com/watch?v=IaBIrPKlxfw","https://www.nfer.ac.uk/media/1804/futl41.pdf (Mobile, collaborative and location-based learning: a case study of the MobiMissions prototype (Handbook for Game)), https://dl.acm.org/doi/10.1145/1282040.1282053 (MobiMissions: the game of missions for mobile phones)","Interaction, Entertainment, Education",N,multiplayer,site-specific,"Location-based, Mobile","Cell Phone, Camera Phone","Cell-ID, GPRS, Internet",rlglove2@ncsu.edu
MobileHunters,2007,"Jörg Lonthoff, Erich Ortner",Darmstadt,Germany,,"MobileHunters is a multiplayer location-based phone game. The game recognizes a player's geographic location, and sets up the playing field accordingly. The game must have 2 or more players to be played successfully. When the players join the game, they are assigned one of two roles: hunter or fugitive. The game places resources for the hunters and fugitives across the playing field, with all items in close proximity. The hunters must find weapons and go find the fugitive, while the fugitive must find protection and evidence to prove their innocence. All of these items appear as icons on the screen, and are collected when the player is in the same location as the item.",,,http://www.informatica.si/index.php/informatica/article/viewFile/141/133 (Mobile Location-Based Gaming as Driver for Location-Based Services (LBS) – Exemplified by Mobile Hunters),Entertainment,N,multiplayer,site-specific,Location-based,Cell Phone,GPRS,jjfennim@ncsu.edu
MobileMath,2008,"Monica Wijers, Vincent Jonker, Kristel Kerstens",,United States,,"This is a location-based mobile game that uses a GPS receiver. Teams (of up to 8 players) attempt to construct geometrical shapes by physically moving to points on a map and, then, clicking each point. Since shapes cannot overlap, players can obstruct an opposing team by building a shape in the opposing team's pathway. Points are given based on the area (size) and difficulty of constructing a shape.","https://media.springernature.com/lw685/springer-static/image/art%3A10.1007%2Fs11858-010-0276-3/MediaObjects/11858_2010_276_Fig1_HTML.gif?as=webp, https://www.researchgate.net/profile/Monica-Wijers/publication/228107365/figure/fig1/AS:393857532481547@1470914361495/View-of-a-finished-MobileMath-game-showing-the-quadrilaterals-and-the-playing-field.png",,"https://www.researchgate.net/publication/225396247_MobileMath_Exploring_mathematics_outside_the_classroom (MobileMath: Exploring mathematics outside the classroom), http://www.fisme.science.uu.nl/publicaties/literatuur/2010_mobilemath_education_in_the_wild.pdf (MobileMath: a location-aware game for mathematics), https://www.researchgate.net/publication/228107365_MobileMath_the_Phone_the_Game_and_the_Math (MobileMath: the Phone, the Game and the Math)","Education, Team-based",Y,multiplayer,site-specific,"Mobile, Location-based, Hybrid Reality","Cell Phone, GPS",GPS,rlglove2@ncsu.edu
Mogi,2003,NewtGames,Tokyo,Japan,No website for game currently exists,"MOGI is a Japanese hybrid reality game available from 2001-2008 via the mobile operator, KKDI's ""portal"" which advertised games. The game's goal was to collect location-based virtual objects and creatures around the city of Tokyo using their cell phone. To capture an object, players navigated a map with a 500 meter radius and had to come within 300 meters to catpure the object. Players could also see other nearby players on the radar of their cell phone screen and exchange virtual objects. Online players could also guide street players to find specific items for their collections. During the game's availability, there were around 1000 active players.","https://i.pinimg.com/564x/22/da/04/22da04843556435084e7288c8f25b7e0.jpg, https://dasbox.be/assets/encyclopedie/mogi_site.jpg, http://www.links.net//daze/04/04/pix/centre-tokyo-ty.jpg, https://pervasivegames.files.wordpress.com/2009/05/mogiweb1.jpg",,"http://www.links.net/share/write/thefeature/Mogi__Second_Generation_Location-Based_Gaming.html (Article, TheFeature (2004)), https://rsa.tandfonline.com/doi/citedby/10.1080/17450100500489221?scroll=top&needAccess=true#.X-KFC9hKiUk (Licoppe, C., & Inada, Y. (2006). Emergent uses of a multiplayer location‐aware mobile game: The interactional consequences of mediated encounters. Mobilities, 1(1), 39-61.), http://wirelesswatch.jp/2004/07/02/mogi-socially-connected-gps-gaming/ (Archive, Wireless Watch (2004)), https://pdfs.semanticscholar.org/fe6c/42ffbb2d7cbade82189171ae009ed2ff2206.pdf (Chan, D. (2008). Convergence, Connectivity, and the Case of Japanese Mobile Gaming. Games and Culture, 3, 13 - 25), https://www.dhi.ac.uk/san/waysofbeing/data/communication-zangana-licoppe-2009.pdf (Licoppe, C., & Inada, Y. (2009). Shared Encounters in a Location-Aware and Proximity-Aware Mobile Community. The Mogi Case. In Shared Encounters (pp. 105-125). Springer, London.), https://journals.sagepub.com/doi/10.1177/2050157916677862 (Licoppe, C. (2017). From Mogi to Pokémon GO: Continuities and change in location-aware collection games. Mobile Media & Communication, 5(1), 24–29. https://doi.org/10.1177/2050157916677862), https://www.wired.com/2004/04/making-wireless-roaming-fun/ (Article, Wired (2004)), https://www.tandfonline.com/doi/abs/10.1080/10630730802677905?journalCode=cjut20 (Licoppe, C., & Inada, Y. (2008). Geolocalized technologies, location-aware communities, and personal territories: The mogi case. The Journal of Urban Technology, 15(3), 5-24. doi:10.1080/10630730802677905), https://journals.sagepub.com/doi/10.1068/d13307 (Licoppe, C., & Inada, Y. (2010). Locative Media and Cultures of Mediated Proximity: The Case of the Mogi Game Location-Aware Community. Environment and Planning D: Society and Space, 28(4), 691–709. https://doi.org/10.1068/d13307)",Entertainment,N,single-player,site-specific,"Pervasive, Location-based, Hybrid Reality","Cell Phone, Computer, GPS","GPS, 3G",
Mole Mania,1996,"Nintendo EAD, Pax Softnica",Kyoto,Japan,,"Mole Mania is a puzzle game for the Nintendo Game Boy. Players control Muddy the mole as they push, pull, and throw a ball to a gate. The ball hitting the gate will allow players to advance to the next level. Players can also dig around obstacles, making holes that can help or hinder their progress. Leaving the screen and coming back resets the level, in case a mistake is made.","https://upload.wikimedia.org/wikipedia/en/0/02/Mole_mania_boxart.png, https://wizarddojo.files.wordpress.com/2018/06/hqdefault.jpg, https://2.bp.blogspot.com/-KyAhii8L8eg/Wn--TJACksI/AAAAAAAAV1E/IzV8qjdWTrECL2aOmODM5asd_aYdM5ClwCEwYBhgL/s1600/fullsizeoutput_b88.jpeg","https://www.youtube.com/watch?v=apte760SGic, https://www.youtube.com/watch?v=jkSsFJzjwDM",,Entertainment,N,single-player,site-specific,Mobile,"Game Cartridge, Game Console",,rlglove2@ncsu.edu
Mother 3,2006,"HAL Laboratory, 1-Up Studio",Tokyo,Japan,,"Mother 3 is a top-down role-playing game for the Nintendo Game Boy Advance, and the third entry in the Mother series. The game follows Lucas, a young boy with psychic powers as he recruits a party in order to stop mysterious enemies from destroying the planet. Players can control Lucas and the other party members as they explore the world, collect items, and defeat enemies. The goal of the game is to earn experience points to level the party up in order to complete the game. Mother 3 was never released outside of Japan","https://upload.wikimedia.org/wikipedia/en/e/ee/Deluxe_package.jpg, https://www.kotaku.com.au/wp-content/uploads/sites/3/2021/04/21/zqprpevpvgga6k5rmvls.png?quality=80&resize=1280,720, https://images.gnwcdn.com/2016/usgamer/Mother3RetrospectiveHeader.gif/EG11/thumbnail/1920x1080/format/jpg/quality/65/how-mother-3-escaped-development-hell-to-become-a-modern-classic.jpg, https://d3fd5j8wprxn3h.cloudfront.net/wp-content/uploads/2021/04/EzYr7LgVUAU2pJh-e1618903596236-1.jpg","https://www.youtube.com/watch?v=EXa_RJvQvuI, https://www.youtube.com/watch?v=FUxwSyVttF0","https://www.denofgeek.com/games/nintendo-president-reggie-fils-aime-mother-3-western-port-canceled-explained/ (Mother 3 Hasn’t Been Ported to the West Due to “Business” Reasons, Says Reggie Fils-Aimé), https://www.videogameschronicle.com/news/after-earthbounds-switch-release-mother-3s-producer-calls-for-the-japan-only-sequel-to-be-localised/ (After Earthbound’s Switch release, Mother 3’s producer calls for the Japan-only sequel to be localised)",Entertainment,N,single-player,site-specific,Handheld,"Game Cartridge, Game Console",,rlglove2@ncsu.edu
Mr. Challenger,1980,Texas Instruments,Dallas,United States,,"The Mr. Challenger is an educational gaming device that has various games and a full keyboard. Three similar games are on the device, Math Marvel, Mr. Challenger, and Spelling B. The design is similar to other Texas Instrument devices. At launch, the retail price was $40 and it took 9V batteries for power.","http://www.datamath.org/Edu/Images/MrChallenger.jpg, https://image.invaluable.com/housePhotos/pacehong/13/684113/H4621-L226145864.jpg, https://i.etsystatic.com/8065618/c/1992/1583/263/1055/il/80586d/2805765690/il_340x270.2805765690_8nou.jpg",https://www.youtube.com/watch?v=zWUvnbp5Fk4,"http://www.datamath.org/Edu/MrChallenger.htm#:~:text=The%20Mr.,to%20give%20some%20noisy%20feedback.&text=The%20display%20is%20either%20numeric,for%20the%20two%20word%20games. (Datamath Calculator Museum)","Entertainment, Education",N,single-player,site-specific,Mobile,Game Console,,ejstanle@ncsu.edu
Mr. Wood Man,1982,Epoch,Tokyo,Japan,,"Handheld device that was one of the first devices to hold multiple games. Mr. Wood Man had an LCD screen and came in a yellow or green colorway. Gameplay involves the player controlling 'Mr. Wood Man' (a lumberjack), going up a tree to help someone. Players must avoid falling branches and bear attacks.","http://handheldempire.com/400x300/game_images/742_1285501661970_Epoch_Mr__Woodman.jpg, http://handheldempire.com/400x300/game_instance_images/742_5720_1406753581315_Epoch_Mr__Woodman.jpg",https://www.youtube.com/watch?v=4w-KsEK1m-4,,Entertainment,N,single-player,site-specific,Mobile,Game Console,,rlglove2@ncsu.edu
Musical Marvin,1981,Entex,"Compton, CA",USA,,"Musical Marvin is an electronic sound based handheld game developed by Entex. It comes packed with six different games that allow for 1-4 players with speed, volume, and tone controls. The games include Musical Chairs, Mimic, Mystery Threes, Note Quote, Four Score, and Last Note. Musical Marvin can be used as a full-octave musical instrument as well. A handle is built-in and has 8 control buttons, 2 being red, 2 being blue, 2 being yellow, and 2 being green.","https://www.handheldmuseum.com/Entex/Entex-MusicalMarvin.jpg, https://www.handheldmuseum.com/Entex/Entex-MusicalMarvinBox.jpg, https://thumbs.worthpoint.com/zoom/images8/1/0820/28/vintage-1980-entex-hand-held_1_deaee2f328601cb742ed9e0e62f0ea8c.jpg, https://www.handheldmuseum.com/Entex/Entex-MusicalMarvinBoxBack.jpg",,,"Entertainment, Interaction",N,single-player,site-specific,Handheld,Game Console,,rlglove2@ncsu.edu
My Little Pony: Pinkie Pie's Party,2008,Webfoot Technologies,Lemont,Illinois,,My Little Pony: Pinkie Pie's Party is an adventure/puzzle game developed by Webfoot Technologies for the Nintendo DS. The plot revolves around finding hidden presents around Ponyville while playing as Pinkie Pie. Gameplay involves using the D-Pad to move around the world and tapping various items to reveal presents or to talk to other ponies.,"https://upload.wikimedia.org/wikipedia/en/thumb/9/9e/MLP_PinkiePieP_Cover.jpg/220px-MLP_PinkiePieP_Cover.jpg, https://m.media-amazon.com/images/I/51EkWq1EJzL.jpg",https://www.youtube.com/watch?v=gOBSCpgAmRE,https://www.ign.com/articles/2008/10/09/my-little-pony-pinkie-pies-party-review (IGN: My Little Pony: Pinkie Pie's Party Review),Entertainment,N,single-player,site-specific,Handheld,Game Cartridge,,rlglove2@ncsu.edu
N-Gage,2004,Nokia,,,,"Small handheld gaming and smartphone device, featuring a color screen. Uses Nokia Series 60 Symbian OS. Has an SD card slot for games and memory cards.","https://cdn.chass.ncsu.edu/sites/mglab.chass.ncsu.edu/ngage.JPG, https://fdn.gsmarena.com/imgroot/news/19/08/flashback-nokia-ngage/-727/gsmarena_004.jpg",https://www.youtube.com/watch?v=s3xsSwjQ1oA,"https://web.archive.org/web/20081210124611/http://www.nokia.com/A4136002?newsid=919619 (Let the sales begin! Nokia N-GageTM game deck sales to start), https://web.archive.org/web/20071009163030/http://www.n-gage.com/community/press_082907c.html (Get out and play - with N-Gage games in your Nokia device)",Entertainment,N,multiplayer,site-specific,Mobile,"Cell Phone, Game Console","GPRS, Bluetooth, Internet",jjfennim@ncsu.edu
NBA Jam,1988,Tiger Electronics,"Vernon Hills, IL",United States,,"NBA Jam is a handheld port of the popular arcade game of the same name developed for a handheld by Tiger Electronics. Gameplay involved controlling two NBA players in a half court offense trying to dunk and block shots in order to outscore the other team. A classic 24 second shot clock was present like the actual NBA. The handheld has a D-pad for movement, and 4 control buttons for shooting/blocking, passing/stealing, rebounding, and a turbo button.","https://www.handheldmuseum.com/Tiger/Tiger-NBAJam.jpg, https://s.ecrater.com/stores/161347/584e138fda4d9_161347b.jpg",https://www.youtube.com/watch?v=SeCzNd47KdQ,http://handheldempire.com/game.jsp?game=1750 (Handheld Empire: NBA Jam),Entertainment,N,multiplayer,site-specific,Mobile,Game Console,,logan.donner.brown@gmail.com
Namco Museum DS,2007,M2,Kyoto,Japan,,"Namco Museum DS is a game collection of Namco arcade games ported to the Nintendo DS. The games include: Galaxian, Pac-Man, Galaga, Xevious, Mappy, Super Xevious, The Tower of Druaga, Dig Dug 2, and Pac-Man Vs. The Pac-Man Vs game allows for multiplayer over the DS Download play, allowing for four players to compete against one another. The cartridge saves players high scores, and has menus with old promotional material and information to view, hence the museum aspect of the title.","https://upload.wikimedia.org/wikipedia/en/thumb/9/9b/Namco_Museum_DS_box.jpg/220px-Namco_Museum_DS_box.jpg, http://assets2.ignimgs.com/2007/07/12/e3-2007-namco-museum-ds-images-20070711065634465-2052686.jpg",https://www.youtube.com/watch?v=RZ5lonl2KXM,https://www.ign.com/articles/2007/09/28/namco-museum-ds-review (IGN- Namco Museum DS Review),Entertainment,N,multiplayer,site-specific,Handheld,Game Cartridge,,rlglove2@ncsu.edu
NavBall,2008,The Saints Content Creators,Amsterdam,Netherlands,https://navball.wordpress.com/the-game/ (NavBall),"NavBall is a multiplayer game that used GPS phones and took place across the city of Amsterdam. Gameplay lasted 45 minutes. It featured 2 teams of 11 players each that attempt to score as many goals as possible. The “ball” and “goal” are placed on a map of Amsterdam, and the players have to get into formation to kick the “ball” at the right angle and speed to make a goal. The players have to move around the city with their GPS enabled phones in order to achieve this.","https://navball.files.wordpress.com/2007/09/flyer-front.jpg, https://navball.files.wordpress.com/2007/09/flyer-back.jpg",https://navball.wordpress.com/,"https://geosmart.wordpress.com/2008/12/04/location-innovation-and-navball/ (Blog, GeoSmart (2008)), https://agile-online.org/conference_paper/cds/agile_2009/agile_cd/pdfs/102.pdf (Walter, V., Busch, S., & Goutrié, R. (2009). GPS Odyssey–a Location Based Interactive City Game. 12th AGILE International Conference on Geographic Information Science 2009), https://www.mediamatic.net/en/page/42404/navball-nl (Report, Mediamatic (2008))",Entertainment,N,single-player,site-specific,"Location-based, Hybrid Reality, Urban","Cell Phone, GPS",GPS,
Nelsonic Zelda Watch,1989,Nelsonic,New York,USA,,"A gaming watch created by Nelsonic based on the Nintendo franchise The Legend of Zelda. The watch comes in black, pink, white or red and had four movement buttons. Gameplay is top down and involves the player controlling the main character, link through a variety of dungeons and obstacles. Similar items and enemies from the main series appear as well.","http://www.ummedia.com/MY_SITES/seikolc/EE/images/watchlibrary/zelda1.jpg, https://i.ytimg.com/vi/7UInkWou6n8/maxresdefault.jpg, https://assets.catawiki.nl/assets/2018/6/27/4/d/c/4dc4cecd-205b-4a1c-81de-1a735cf5c4bf.jpg, https://static.wikia.nocookie.net/zelda_gamepedia_en/images/6/6f/Watchbox.jpg/revision/latest?cb=20130906105413, https://i.imgur.com/N8njYJ4.jpg",https://www.youtube.com/watch?v=Q9GbH4IT2rE,"https://www.puissance-zelda.com/img/spinoff/zw/f_manuel.pdf (Watch Manuel), http://www.digitalwatchlibrary.com/DWL/1work/nintendo_zelda_nelsonic/ (Digital Watch Library)","Entertainment, Education",N,multiplayer,site-specific,Mobile,Game Console,,ejstanle@ncsu.edu
Neo Geo Pocket Color,1999,SNK,Osaka,Japan,https://www.snk-corp.co.jp/us/games/ngpcs/,"The Neo Geo Pocket Color is a handheld console produced by the company SNK. At the time of release, it was marketed as a competitor to the Game Boy and Sega Game Gear. The console has a cartridge based game system and can last for 40 hours on 2 AA  batteries. The Neo Geo Pocket Color was not on the market long, due to high competition, and because SNK declared bankruptcy a few years after the game's release. A joystick, and 2 control buttons are present on the console for gameplay.","https://cdn.vox-cdn.com/thumbor/s7BxSzfks-VIQJXTCQC6vwQI208=/1400x1050/filters:format(jpeg)/cdn.vox-cdn.com/uploads/chorus_asset/file/12799519/NGPC5.1419978991.jpg, https://upload.wikimedia.org/wikipedia/commons/2/22/Neo-Geo-Pocket-Color-Blue-Left.jpg, https://nintendosegajapan.files.wordpress.com/2016/06/ngpc_8302.jpg",https://www.youtube.com/watch?v=rAoFhR_hn1w,"https://www.thegamer.com/best-neo-geo-pocket-color-games/ (10 Best Neo Geo Pocket Color Games), https://www.theverge.com/2012/11/23/3618196/status-symbols-neo-geo-pocket-color (Status Symbols: Neo Geo Pocket Color)",Entertainment,N,single-player,site-specific,Mobile,Game Console,,rlglove2@ncsu.edu
Neo Turf Masters (Neo Geo Pocket Color),1999,"Nazka, SNK",,Japan,,"Neo Turf Masters is an arcade style golfing game with various levels and golfers from which to choose. Standing out from many other golfing games, in Neo Turf Masters, players would click once to swing their club and hit the ball, rather than twice. Neo Turf Masters was ported to the Neo Geo Pocket Color in 1999 from the original 1996 game. The version on the Pocket Color was less detailed and cartoonish compared to the original game.","https://www.videogamex.com/image/cache/catalog/NGPC/snap/neoturfmasters_english-1000x510w.jpg, https://i.ytimg.com/vi/rpUs3JUzuAM/hqdefault.jpg, https://files.themakoreactor.com/wp-content/uploads/2021/03/Neo-Geo-Pocket-Color-Selection-Volume-1-golf-1024x576.jpg",https://www.youtube.com/watch?v=NsZVPdK4eTE,https://www.retrogamer.net/top_10/top-ten-neo-geo-pocket-color/ (TOP TEN NEO GEO POCKET COLOR),Entertainment,N,single-player,site-specific,Mobile,Game Console,,rlglove2@ncsu.edu
New Super Mario Bros.,2006,Nintendo,Kyoto,Japan,,"New Super Mario Bros. is a 2D side scrolling platforming game for the Nintendo DS developed and published by Nintendo. It was the first 2D entry in the Super Mario franchise in almost 14 years at its release. Gameplay is similar to the rest of the 2D Super Mario platforming games, but features new powerups, levels, and enemies. Powerups include a Mega Mushroom that allows Mario to grow to gargantuan sizes. Two multiplayer modes are in the game besides the main story: a two-player VS mode and a set of minigames for up to four players. New Super Mario Bros. is the best-selling game to come out on the Nintendo DS with 30.80 million units sold according to Nintendo.","https://art.gametdb.com/ds/coverfullHQ/US/A2DE.jpg, https://www.wikihow.com/images/thumb/5/56/Save-on-New-Super-Mario-Bros-DS-Step-1-Version-3.jpg/v4-460px-Save-on-New-Super-Mario-Bros-DS-Step-1-Version-3.jpg, https://i.ytimg.com/vi/lJc6xJamC4o/maxresdefault.jpg, https://s1.dmcdn.net/v/9LT7Q1RUxMh4XJPl8/x1080","https://www.youtube.com/watch?v=m1loABxF5oQ, https://www.youtube.com/watch?v=lJc6xJamC4o","https://www.nintendo.com/consumer/gameslist/manuals/DS_New_Super_Mario_Bros.pdf (Game Manual), https://www.nintendo.co.jp/ir/en/finance/software/ds.html (Nintendo list of top sales for the Nintendo DS), https://www.ign.com/games/new-super-mario-bros (IGN Review: New Super Mario Bros.), https://www.metacritic.com/game/ds/new-super-mario-bros (Metacritic Review: New Super Mario Bros.)","Entertainment, Interaction",N,single-player,site-specific,Handheld,Game Console,,jjfennim@ncsu.edu
Nibbons,2004,Garmin,Kansas,United States,"no website for the game, only for the device: https://buy.garmin.com/en-US/US/p/220#specs (Geko 201)","The game of ""Snake"" on a GPS interface (Garmin Geko 202) which requires a player to physically navigate a space toward particular locations; however, players cannot move to a place they have recently been and, thus, step on their ""tail"" which constitutes losing the game.","https://www.pocketgpsworld.com/reviews/geko/scrn_Nibbons.gif, https://www.forbes.com/images/2003/03/11/tentech_178x350.jpg, https://static.garmincdn.com/en/products/010-00318-00/g/sc-03-lg.jpg",,"https://www.forbes.com/2003/03/11/cx_ah_0311tentech.html#19c831402b27 (Article, Forbes (2003)), https://www.pocketgpsworld.com/garmingeko.php (Review, PocketGPSWorld (2003)), http://static.garmin.com/pumac/Geko201_OwnersManual.pdf (Manual, Garmin (2004))",Entertainment,N,single-player,site-specific,Location-based,GPS,GPS,
Nintendo DSi XL,2008,Nintendo,,,,"Flip handheld gaming device, featuring dual color screens (with bottom screen serving as a touch screen). The Nintendo DSi XL has the same properties as the Nintendo DSi but is larger in size. The XL was originally released in Japan in 2009 and worldwide by 2010.","https://cdn.chass.ncsu.edu/sites/mglab.chass.ncsu.edu/ninendoDS.jpg, https://static.wikia.nocookie.net/nintendo/images/f/f9/Nintendo_DSi_XLs.png/revision/latest?cb=20100830223409&path-prefix=en, https://cdn.pocket-lint.com/r/s/1200x/assets/images/71693-games-review-nintendo-dsi-xl-games-console-image1-fuxTpkNhrB.jpg","https://www.youtube.com/watch?v=p_ySuYRTdNA, https://www.youtube.com/watch?v=HMXEeSdRw8k, https://www.youtube.com/watch?v=8hjl_c4vnZc","https://www.pcmag.com/archive/nintendo-dsi-xl-249614 (PCMag Nintendo DSi XL Review), https://www.gamespot.com/articles/nintendo-dsi-hands-on/1100-6201087/ (GameSpot Nintendo DSi Hands-On)","Entertainment, Education, Art",N,multiplayer,site-specific,Handheld,Game Console,"Internet, Voice, Pictures",jjfennim@ncsu.edu
Nintendo Pokémon Pikachu,1998,Nintendo,Kyoto,Japan,,"A mobile game console dedicated to taking care of a virtual Pikachu. Similar to other mobile pet games, such as Tamagotchi and Giga Pets. It can track steps for in game rewards.","https://i.pcmag.com/imagery/lineupitems/06fQ7lwfGm68PWlTbI70hAm.1569508315.fit_lim.size_800x440.jpg, https://sm.pcmag.com/pcmag_in/gallery/t/the-golden/the-golden-age-of-virtual-pets_jest.jpg",https://www.youtube.com/watch?v=ciJvV-JR6b0,"https://www.pcmag.com/news/7-awesome-portable-electronic-games-of-the-1990s (7 Awesome Portable Electronic Games of the 1990s), https://in.pcmag.com/gallery/120349/the-golden-age-of-virtual-pets?p=1 (The Golden Age of Virtual Pets)",Entertainment,N,single-player,site-specific,Handheld,Game Console,,jjfennim@ncsu.edu
Nintendogs,2005,Nintendo,Kyoto,Japan,,"Nintendogs is a pet care simulation game developed by Nintendo for the Nintendo DS. Players could pick their breed of dog and raise them, using interactive elements like the touch screen and microphone  to simulate real-life activities like grooming and feeding. There are multiple versions of the game featuring different breeds of dogs on the cover, which correlates to what breeds are attainable in the game. The multiplayer element of the game involves walking your dogs and connecting with other DS consoles. Nintendogs is the second highest selling Nintendo DS game with 23.96 million units sold across the three versions of the game according to Nintendo.","https://www.liveabout.com/thmb/MiCrrhEUBtybdxT2a7Ai-bGMOOA=/1280x720/filters:fill(auto,1)/maxresdefault-72a63c5b98a0456cb09029ef6fb2ecf8.jpg, https://img.buzzfeed.com/buzzfeed-static/static/2021-08/19/1/asset/39828f9da6dd/sub-buzz-767-1629335781-54.png?output-quality=auto&output-format=auto&downsize=640:*, https://static.wikia.nocookie.net/nintendogs/images/c/c4/Nintendogs_Shiba_Inu_and_Friends_%28JP%29.jpg/revision/latest?cb=20200112004029","https://www.youtube.com/watch?v=0V9X9xu5tzU, https://www.youtube.com/watch?v=9pHF5EhcPXs","https://www.ign.com/articles/2005/05/19/e3-2005-nintendogs-interview (IGN E3 2005: Nintendogs Interview), https://web.archive.org/web/20080723182258/http://www.gameinformer.com/News/Story/200504/N05.0408.1929.45149.htm (Game Informer: Exclusive Nintendogs First Look), https://www.nintendo.co.jp/ir/en/finance/software/ds.html (Nintendo list of best selling games on the Nintendo DS)","Entertainment, Interaction",N,multiplayer,site-specific,Handheld,Game Console,Wi-Fi,jjfennim@ncsu.edu
Noderunner,2003,"Yury Gitman, Carlos J. Gomez de Llarena",New York,United States,http://med44.com/v2/noderunner.php (Node Runner),"In Noderunner, the cityscape of Manhattan is reterritorialized into hot and cold spots—determined by access to the Internet. The aim of the game, in which two teams are pitted against each other, is to access and document (via camera phones) as many of the wireless Internet nodes as possible while attempting to get from Bryant Park in midtown to Bowling Green in Lower Manhattan. Teams are given a Wi-Fi-enabled laptop, a digital camera, taxi fare, and 2 hours. Points are obtained by taking camera phone pictures of themselves in the exact spot at which they connected to the wireless Internet; they are also awarded points for using scanning software to find the nodes on their journey.","http://iasl.uni-muenchen.de/links/NAPG_ill2.jpg, https://www.med44.com/img/noderunner-01.jpg, https://www.med44.com/img/noderunner-02.jpg",https://www.youtube.com/watch?v=RMAaCdJw3A8&feature=emb_title,"https://www.nytimes.com/2003/11/09/arts/art-digital-art-s-year-round-summer-camp.html (Article, The New York Times (2003)), https://journals.sagepub.com/doi/abs/10.1177/1046878109333723 (de Souza e Silva, Adriana, & Hjorth, L. (2009). Playful urban spaces: A historical approach to mobile games. Simulation & Gaming, 40(5), 602-625. doi:10.1177/1046878109333723), https://dl.acm.org/doi/abs/10.1145/1178477.1178533 (Chalmers, M., Bell, M., Brown, B., Hall, M., Sherwood, S., & Tennent, P. (2005). Gaming on the edge: Using seams in ubicomp games. Paper presented at the 306-309. doi:10.1145/1178477.1178533), http://iasl.uni-muenchen.de/links/NAPGe.html#Beispiele3 (Article, IASL (2008)), https://link.springer.com/chapter/10.1007/978-3-319-46152-6_18 (Oppermann L., Slussareff M. (2016) Pervasive Games. In: Dörner R., Göbel S., Kickmeier-Rust M., Masuch M., Zweig K. (eds) Entertainment Computing and Serious Games. Lecture Notes in Computer Science, vol 9970, p.491. Springer, Cham.)",Art,N,single-player,site-specific,"Location-based, Urban","Cell Phone, Computer, Digital camera, Phone camera",Wi-Fi,
Nokia 3310,2000,Nokia,,,https://www.nokia.com/phones/en_int/nokia-3310,"Originally released in 2000, Nokia re-released a version of the phone in 2017. The original phone had a monochrome LCD. The re-released version uses a color display and has a camera. Pre-installed games include Pairs II, Space Impact, Bantumi, and Snake II. A best seller, this phone has been immortalized due to its durability.","https://cdn.chass.ncsu.edu/sites/mglab.chass.ncsu.edu/IMG_3118.JPG, https://images.theconversation.com/files/157148/original/image-20170216-12969-s6wppz.jpg?ixlib=rb-1.1.0&q=45&auto=format&w=1200&h=1200.0&fit=crop, https://encrypted-tbn0.gstatic.com/images?q=tbn:ANd9GcTADwf1cSsUnuePpzS-23JLPuw5Cimi7b-SbA&usqp=CAU","https://www.youtube.com/watch?v=CpmtvM-W5Ro, https://www.youtube.com/watch?v=jLbFHFsFCVQ","https://www.wired.com/story/nokia-3310-turns-20/ (Here’s the Real Reason You Miss the Nokia 3310), https://www.theodysseyonline.com/nokia-3310-greatest-phone-ever (Why The Nokia 3310 Is The Greatest Phone Of All Time), https://www.techradar.com/news/the-nokia-3310-just-turned-20-years-old-heres-what-made-it-special (The Nokia 3310 just turned 20 years old – here's what made it special)","Interaction, Education, Entertainment",N,multiplayer,site-specific,Mobile,Cell Phone,"Voice, Voicemail, SMS",ejstanle@ncsu.edu
Oil Gang,1981,Epoch,Tokyo,Japan,,Handheld game that includes an alarm and date functions. The console requires 2 AG13 batteries and had four movement buttons and two buttons for settings. The game involved stopping an open oil pipe from spilling into the ocean.,"http://www.electronicplastic.com/_images/450/epoch/_box/OilGang-front.jpg, http://www.electronicplastic.com/_images/450/epoch/OilGang.jpg",https://www.youtube.com/watch?v=2QKi1J02NXc,https://artsandculture.google.com/asset/handheld-video-game-oil-gang-epoch-co-ltd/sAHQjqWG9IgarQ?hl=en (The Strong National Museum of Play: Oil Gang),Entertainment,N,single-player,site-specific,Mobile,Game Console,,rlglove2@ncsu.edu
One Piece,2007,Dimps Corporation,Osaka,Japan,,"One Piece is a 2-D platforming game for the Nintendo Game Boy Advance, based of the popular anime/manga of the same name. Players control Straw Hat Luffy as he traverses through levels based on story arcs from the series, beating up enemy marines and pirates. Characters such as Zoro and Sanji can be summoned throughout the game after they are unlocked, and assist Luffy in defeating bosses and enemies. This is the only One Piece game to be exclusively released in the United States.","https://upload.wikimedia.org/wikipedia/en/3/3e/One_Piece_Grand_Battle_GBA_Cover.jpg, https://static.wikia.nocookie.net/onepiece/images/4/4c/One_Piece_GBA_Attack.png/revision/latest/scale-to-width-down/600?cb=20190510183131, https://static.wikia.nocookie.net/onepiece/images/0/0f/One_Piece_GBA_Gaimon.png/revision/latest?cb=20190606061147",https://www.youtube.com/watch?v=_PFShPYDFtc,,Entertainment,N,single-player,site-specific,Handheld,Game Cartridge,,rlglove2@ncsu.edu
Operation Urban Terrain,2004,Anne Marie Schleiner,New York,USA,http://opensorcery.net/OUT/htm/project.htm,"Operation Urban Terrain was a piece of performance art in the form of a mobile ""game"" that happened in 2004. Lead by Anne Marie Schleiner, two women formed the ""ground unit"" and were connected via a mobile internet connection to a team of players in a form of mixed reality gaming. This game was intended to protest the use of military simulation games to train military during the Republican National Convention during that time and was in general an anti-war protest.",https://creativetime.org/wp-content/uploads/2004/08/2004_Operation_Urban_Terrain.jpg,,https://www.vdb.org/titles/out-operation-urban-terrain (Video Data Bank Catalog),Education,N,multiplayer,site-specific,Hybrid Reality,Computer,Internet,jjfennim@ncsu.edu
PAC-LAN,2005,Mobile Radicals,Lancaster,United Kingdom,,"A location-based version of Pac-Man, in which Pac-Man players and Ghosts are equipped with Nokia phones that have an RFID tag embedded in the shell of the phone. Both Pac-Man and Ghost Players move around a physical space to collect pills (discs with RFID tags). However, ghosts can also collect pills which give them points and allow them to know the last position of the Pac-Man players. If the Pac-Man player collects a ""power pill,"" then the Pac-Man player can kill ghosts, which forces them to return to the central location of the maze.  The game took place at Alexandra Park of the Lancaster University campus","https://www.researchgate.net/profile/Paul_Coulton/publication/220061061/figure/fig6/AS:325286571855878@1454565770982/PAC-LAN-trial-team-for-10th-of-February_W640.jpg, https://www.researchgate.net/profile/Bruno_Feijo/publication/258127233/figure/fig8/AS:297532849704972@1447948767477/PAC-LAN-players-The-PAC-LAN-character-left-and-a-ghost-player-left-Rashid-et-al_W640.jpg, http://imagination.lancaster.ac.uk/wp-content/uploads/2020/01/paclan_dsc02172-225x300.jpg",https://imagination.lancaster.ac.uk/project/pac-lan/,"https://ieeexplore.ieee.org/abstract/document/1598509/ (O. Rashid, P. Coulton, R. Edwards and W. Bamford, ""Utilising RFID for mixed reality mobile games,"" 2006 Digest of Technical Papers International Conference on Consumer Electronics, Las Vegas, NV, 2006, pp. 459-460, doi: 10.1109/ICCE.2006.1598509), https://dl.acm.org/doi/10.1145/1178823.1178864 (Rashid, O., Bamford, W., Coulton, P., & Edwards, R. (2006). PAC-LAN: The human arcade. Paper presented at the 33-es. doi:10.1145/1178823.1178864), https://eprints.lancs.ac.uk/id/eprint/21182/ (Coulton, P., Rashid, O., Bamford, W., & Edwards, R. (2006). Running with the PAC. In 1st World Conference for Fun'n Games.), https://we-make-money-not-art.com/researchers_in/(We Make Money, Not Art (2005)), https://dl.acm.org/doi/abs/10.1145/1178418.1178425 (Rashid, O., Bamford, W., Coulton, P., Edwards, R., & Scheible, J. (2006). PAC-LAN: mixed-reality gaming with RFID-enabled mobile phones. Computers in Entertainment (CIE), 4(4), 4-es.)",Research,N,single-player,site-specific,"Location-based, Urban",Cell Phone,RFID,
Pac-Man (Neo Geo Pocket Color),1999,"BANDAI NAMCO, SNK",,Japan,,"Pac-Man for the Neo Geo Pocket Color is a mobile version of the classic arcade game. Players must traverse a maze as Pac-Mac, eating dots and avoiding ghosts. The goal is to eat all the dots on the board to progress to the next level.","https://i.ytimg.com/vi/Ak6dtZdhXcA/maxresdefault.jpg, https://www.mobygames.com/images/covers/l/56936-pac-man-neo-geo-pocket-color-front-cover.jpg, https://www.lukiegames.com/assets/images/ngp_pac-man_p_iv9mib.jpg, https://i.ytimg.com/vi/2P0f83V3Fcw/hqdefault.jpg","https://www.youtube.com/watch?v=8TUCMPpYnyk, https://www.youtube.com/watch?v=fYlCTN7xpKY",https://hardcoregamer.com/features/pocket-power/pocket-power-pac-man/46429/ (Pocket Power: Pac-Man),Entertainment,N,single-player,site-specific,Mobile,Game Console,,rlglove2@ncsu.edu
PacManhattan,2004,NYU Interactive Telecommunications Program,New York,United States,http://www.pacmanhattan.com/ (Pac Manhattan),"PacManhattan consisted of playing the game Pac-Man within the actual streets of Manhattan. A person dressed as Pac-Man (wearing yellow) tried to avoid being “eaten” by ghost (players dressed in primary colors). At the same time, the Pac-Man player attempted to ""eat"" virtual dots on the streets to score points. In a remote location, players in a control room updated the street player’s physical position on a digital map of the city. The only way for the street players to know which dots have already been eaten is by talking to his or her controller.","https://avoision.com/portnoy/images/2004/may/pacmanhattan.jpg, http://live.staticflickr.com/28/43274965_40999fe113_c.jpg, http://live.staticflickr.com/29/43274944_9d3f9c9012_c.jpg, http://live.staticflickr.com/28/43274869_1b01eccfd1_c.jpg",https://youtu.be/ci1FGyTTwO0,"https://journals.sagepub.com/doi/abs/10.1177/1046878109333723 (de Souza e Silva, Adriana, & Hjorth, L. (2009). Playful urban spaces: A historical approach to mobile games. Simulation & Gaming, 40(5), 602-625. doi:10.1177/1046878109333723), https://journals.sagepub.com/doi/pdf/10.1177/1206331204269435 (Galloway, A. (2004). Postcard From the Urban Frontier. Space and Culture, 7(4), 446–449. https://doi.org/10.1177/1206331204269435), https://www.nytimes.com/2004/05/09/style/quick-after-him-pac-man-went-thataway.html (Article, The New York Times (2004)), https://ebookcentral.proquest.com/lib/ncsu/detail.action?docID=534907 (Stenros, J., & Montola, M.Case G. (pp. 131-135) Elsevier Science & Technology. doi:10.1016/B978-0-12-374853-9.00021-0)","Entertainment, Research",Y,single-player,site-specific,"Location-based, Urban, Hybrid Reality","Cell Phone, Computer",3G,
Parallel Kingdom,2008,PerBlue,Madison,United States,https://perblue.com/Games/ParallelKingdom.aspx (PerBlue - Parallel Kingdom),"Parallel Kingdom uses GPS and a mobile app (on iOS and Android platforms) to allow users to create virtual domains of physical places. The object of the game is to dominate or take ownership of physical spaces. To do so, players can play individually or in teams. Gameplay involves locating resources and battling other players to achieve ownership of a place.","https://perblue.com/images/games/Parallel-Kingdom-Header.jpg, https://perblue.com/images/games/screenshots/PK-4.jpg, https://perblue.com/images/games/screenshots/PK-5.jpg, https://perblue.com/images/games/screenshots/PK-2.jpg, https://perblue.com/images/games/screenshots/PK-6.jpg, https://perblue.com/images/games/screenshots/PK-1.jpg, https://perblue.com/images/games/screenshots/PK-3.jpg",https://www.youtube.com/watch?v=ahvJbpJBG2g,"https://www.mmogames.com/game/parallel-kingdom/ (Overview, MMOGames (2011)), https://dl.acm.org/doi/abs/10.1145/2535372.2535391 (Patro, A., Rayanchu, S., Griepentrog, M., Ma, Y., & Banerjee, S. (2013, December). Capturing mobile experience in the wild: a tale of two apps. In Proceedings of the ninth ACM conference on Emerging networking experiments and technologies (pp. 199-210).), https://techcrunch.com/2008/10/10/parallel-kingdom-set-to-launch-one-of-first-iphoneandroid-mmos/?guccounter=1 (Article, Tech Crunch (2008)), https://ieeexplore.ieee.org/abstract/document/5657756 (Verdejo, A. J. et al. (2010). QoE estimation of a location-based mobile game using on-body sensors and QoS-related data. In 2010 IFIP Wireless Days (pp. 1-5). IEEE.), https://dl.acm.org/doi/abs/10.1145/2342480.2342483 (Patro, A. et al. (2012). The anatomy of a large mobile massively multiplayer online game. In Proceedings of the first ACM international workshop on Mobile gaming (pp. 7-12).), http://blog.perblue.com/2013/02/launch-week.html (Blog, PerBlue (2013)), https://www.engadget.com/2012-08-14-indie-dev-perblue-makes-millions-sees-android-dominating-ios.html?guccounter=1 (Report, Engadget (2012))",Entertainment,N,single-player,site-specific,"Pervasive, Location-based, Hybrid Reality","Cell Phone, GPS","GPS, 4G",
Pichu Bros. mini,2002,Denyusha,Kyoto,Japan,,"Pichu Bros. mini is a party game for the Pokémon Mini, based on the anime Pichu Bros. The game is a compellation of six mini-games, similar to the Pokémon Party mini game. The Cubone and Battlefield games can be played with others, over the consoles infrared connectivity. A Pokémon themed clock application is also available through he games menus.","https://archives.bulbagarden.net/media/upload/thumb/1/13/Pichu_Bros_mini_JP_boxart.png/190px-Pichu_Bros_mini_JP_boxart.png, https://gonintendo.com/uploads/file_upload/upload/59452/medium_Thumb_Pichu_Bros._Mini.jpg",https://www.youtube.com/watch?v=QFLsqfkhqec,,Entertainment,N,multiplayer,site-specific,Handheld,Game Cartridge,Infrared,rlglove2@ncsu.edu
Pinball,1989,Tiger Electronics,,United States,,"Small handheld device/game, allowing navigational control and two unique input controls (punch, kick/accelerate, break). The handheld took two AA batteries, and were marketed as being cheaper than the Nintendo Game Boy. Players can control both flippers like on a physical pinball machine.","https://i.etsystatic.com/6017061/r/il/5fda63/2257536669/il_570xN.2257536669_qro2.jpg, https://www.picclickimg.com/d/l400/pict/284347595127_/1989-Tiger-Electronics-ELECTRONIC-PINBALL-LCD-Hand-Held-Game.jpg",https://www.youtube.com/watch?v=q-o9b3Fdye0,,Entertainment,N,single-player,site-specific,Mobile,Game Console,,ejstanle@ncsu.edu
Pinball,1981,Gakken,Tokyo,Japan,,"Pinball is a handheld game developed by Gakken. The console is small and rectangular, with red, white, and blue on its face. The screen is LCD with the outline of a pinball machine, including two bumper buttons. This version of pinball also included a time and alarm function.","https://www.handheldmuseum.com/Gakken/Gakken-Pinball.jpg, https://www.retrogames.co.uk/large.cgi?image=041751_a.jpg&ref=041751&save=, https://i.ytimg.com/vi/Rt8c29lNDKs/mqdefault.jpg",https://www.youtube.com/watch?v=Rt8c29lNDKs,,Entertainment,N,single-player,site-specific,Handheld,Game Console,,rlglove2@ncsu.edu
Ping Pong Plus,1998,"Tangible Media Group, MIT","Cambridge, MA",USA,https://tangible.media.mit.edu/project/pingpongplusplus/,A game of ping-pong featuring a reactive table that incorporates sound and projection technology. The way the ball hits the table can change how the projections visualize.,"https://trackr-media.tangiblemedia.org/publishedmedia/Projects/1998-PingPongPlus/badge?width=600, https://makezine.com/wp-content/uploads/2009/06/pingpongplus.jpg, https://www.researchgate.net/profile/Hiroshi-Ishii-7/publication/2312527/figure/fig6/AS:668209959145494@1536325077876/System-architecture-of-PingPongPlus.png",https://vimeo.com/48835482,"https://tangible.media.mit.edu/project/pingpongplus/ (PingPongPlus), https://www.academia.edu/34299489/PingPongPlus (Hiroshi Ishii Article)","Interaction, Entertainment",N,multiplayer,site-specific,Hybrid Reality,Sensor,,ejstanle@ncsu.edu
Pocket Bomberman,1997,Hudson Soft,Tokyo,Japan,,"Pocket Bomberman is a side-scrolling platformer for the Nintendo Game Boy Color. Gameplay involves players controlling Bomberman as he traverses through levels, dropping bombs to clear obstacles and destroy enemies. The game has 25 different levels and, in order to progress, the player must eliminate every enemy on said level. Pocket Bomberman was a launch title for the Game Boy Color, and was the first in the series to not have a top-down perspective.","https://upload.wikimedia.org/wikipedia/en/thumb/d/d6/Pocket_Bomberman_cover.jpg/220px-Pocket_Bomberman_cover.jpg, https://i.ytimg.com/vi/00TUrjSx3yA/maxresdefault.jpg",https://www.youtube.com/watch?v=G3y-fu6XqvI,,Entertainment,N,single-player,site-specific,Mobile,"Game Cartridge, Game Console",,rlglove2@ncsu.edu
Pokemon Ranger: Shadows of Almia,2008,Creatures Inc.,Tokyo,Japan,https://www.pokemon.com/us/pokemon-video-games/pokemon-ranger-shadows-of-almia/,"Pokémon Ranger: Shadows of Almia is an action/role-playing game for the Nintendo DS and the first sequel to Pokémon Ranger. Core gameplay differs from traditional Pokémon games, allowing players to use the ""capture styler"" to catch Pokémon, rather than the standard Pokeballs. Players use the touch-screen and the stylus to capture Pokémon, capturing different Pokémon allows the styler to be upgraded with different buffs. Shadows of Almia features a new story, more Pokémon (notably from the 4th generation of main-series games), and a capturing gameplay change, making players boost friendship level thorough carefully drawing circles with the stylus.","https://upload.wikimedia.org/wikipedia/en/thumb/e/e4/Pokemon_Ranger_Shadows_of_Almia_Box_Art.jpg/220px-Pokemon_Ranger_Shadows_of_Almia_Box_Art.jpg, https://www.serebii.net/ranger2/partner-swap.png, https://www.serebii.net/ranger2/quests/2.png","https://www.youtube.com/watch?v=jJNgocrAbKA, https://www.youtube.com/watch?v=Wg1juDZFgp4, https://www.youtube.com/watch?v=ZKEhz_Fgxp4",https://www.ign.com/articles/2008/11/11/pokemon-ranger-shadows-of-almia-review (IGN: Pokémon Ranger: Shadows of Almia Review),"Entertainment, Interaction",N,single-player,site-specific,Mobile,"Game Cartridge, Game Console, Stylus",,rlglove2@ncsu.edu
Pokémon Breeder mini,2002,Jupiter Corporation,Kyoto,Japan,,"Pokémon Breeder mini is a simulation game for the Pokémon Mini handheld. Players have the ability to choose and care for a Treeko, Torchic, or Mudkip, the three starters from the third generation of Pokémon games. Feeding, playing with, and training are vital parts of the gameplay, with the main goal of maxing out the four skills that one of the selected Pokémon can have. Love, strength, energy, and intellect stats must me maximized in order for the player to complete or beat the game.","https://archives.bulbagarden.net/media/upload/thumb/a/a3/Breeder_mini_JP_boxart.png/190px-Breeder_mini_JP_boxart.png, https://serebii.net/mini/breeder/raising.png, https://serebii.net/mini/breeder/toys.png",https://www.youtube.com/watch?v=2LQkaFv9bvo,,Entertainment,N,single-player,site-specific,Handheld,Game Cartridge,,rlglove2@ncsu.edu
Pokémon Dash,2004,Ambrella,Tokyo,Japan,,"Pokémon Dash is a top-down racing game for the Nintendo DS and the first Pokémon game released for the console. Players use the console's stylus and touchscreen to control Pikachu as he races through a map, passing checkpoints and other Pokémon. Courses have various terrain that can help or hinder a player and power-ups that can help them speed up or power through rough areas. Pokémon Dash has a training mode and  Grand Prix mode, which includes 5 cups with 5 races in each. Up to 6 players can compete against one another in races through the DS Download Play. Dash features compatibility with the Game Boy Advance games Pokémon Ruby, Sapphire, Fire Red, Leaf Green, or Emerald. If the player inserts any of those cartridges in Slot 2, and has completed GP mode, they can play courses shaped like the Pokémon in their team. The time to complete the courses depends on factors like type and level.","https://upload.wikimedia.org/wikipedia/en/thumb/b/b3/Pok%C3%A9mon_Dash_Coverart.png/220px-Pok%C3%A9mon_Dash_Coverart.png, http://gbamedia.gamespy.com/gba/image/article/595/595693/pokemon-dash-20050312025612642.jpg, https://cdn.mos.cms.futurecdn.net/4cbc8563aa166c96cd563e43258b72e9-480-80.jpg",https://www.youtube.com/watch?v=qzCwVL2Zy24,,Entertainment,N,multiplayer,site-specific,Handheld,"Game Cartridge, Stylus, Game Console",,rlglove2@ncsu.edu
Pokémon Diamond and Pearl,2006,"Nintendo, Game Freak",Tokyo,Japan,,"Pokémon Diamond and Pearl are part of the 4th generation of Pokémon games developed by Game Freak. Diamond and Pearl are almost identical story wise. Gameplay is similar to other entries of the series, where players collect, train, and battle Pokémon in order to beat the game. Diamond and Pearl were the first games in the series to feature online multiplayer for trading and battling. This generation of games introduced 107 new Pokémon, and both games were required to collect them all. Remakes for both games were released in November of 2021 for the Nintendo Switch.","https://upload.wikimedia.org/wikipedia/en/2/2e/PokemonDiamondPearlBoxArt.jpg, https://www.retrogamingstores.com/image/cache/data/nintendo_ds/pokemon_diamond_ds_screenshot_3-800x800.jpg","https://www.youtube.com/watch?v=TqGTtxN_gWY, https://www.youtube.com/watch?v=TCjhIGTiQ7c",https://www.nintendolife.com/reviews/2007/04/pokemon_diamond_and_pearl_ds (Pokémon Diamond & Pearl Review),"Entertainment, Interaction",N,multiplayer,site-specific,Mobile,Game Console,Internet,anbaker8@ncsu.edu
Pokémon Party mini,2001,Denyusha,Kyoto,Japan,,"Pokémon Party mini is a multiplayer handheld game for the Pokémon Mini device. The game allows players to choose from 7 different mini games, as well as utilize a clock feature. The two game modes that are multiplayer are Sneasel's Fake Out and Battlefield, the rest are singe player. Europe and North America had this game included with the purchase of the Pokémon Mini console, which had infrared capabilities for multiplayer games.","https://www.serebii.net/mini/party/box.jpg, https://www.serebii.net/mini/party/rocketstart/1.png, https://www.serebii.net/mini/party/battlefieldtitle.png",https://www.youtube.com/watch?v=2VMWmYHEPgE,,Entertainment,N,multiplayer,site-specific,Handheld,Game Cartridge,Infrared,rlglove2@ncsu.edu
Pokémon Pikachu 2 GS,1999,"Jupiter Corporation, Nintendo",,Japan,https://www.nintendo.com/consumer/systems/other/pokemonpikachu2gs.jsp,"Small pedometer wearable that players could strap to their belt. For each kilometer walked, the player would receive ""1 watt"" which was in-game currency that would allow them to gamble and/or purchase gifts for Pikachu, the character of the game. Additionally, the  The purpose of the game is to make Pikachu happy and to increase the friendship level with Pikachu. The game featured an alarm and color-screen.","https://i.pinimg.com/736x/99/b2/9d/99b29dcc78d1d199113a250c0db40073.jpg, https://cdn2.bulbagarden.net/upload/thumb/1/1f/Pp2gsboxart.png/200px-Pp2gsboxart.png, https://i.ytimg.com/vi/a_7s7mHHYOg/maxresdefault.jpg","https://www.youtube.com/watch?v=a_7s7mHHYOg, https://www.youtube.com/watch?v=qfsosnuJ9f4, https://bulbapedia.bulbagarden.net/wiki/Pok%C3%A9mon_Pikachu_2_GS",https://www.engadget.com/products/nintendo/pokemon/pikachu/2-gs/ (Engadget: Nintendo Pokémon Pikachu 2 GS),"Entertainment, Interaction",N,single-player,site-specific,Mobile,Game Console,,ejstanle@ncsu.edu
Pokémon Pinball mini,2001,Jupiter Corporation,Osaka,Japan,https://www.nintendo.co.uk/Games/Pokemon-mini/Pokemon-Pinball-Mini-276003.html,"Pokémon Pinball mini is a pinball game for the Pokémon Mini handheld. Players have the option to play 90 different pinball levels, including 70 in a quest mode and 10 for a Time Attack and Score Attack mode. Quest mode is the main style of the game, players complete one level to unlock the next, players fill holes in the board and aim to reach high scores. Time Attack is strictly filling holes, and Score Attack is strictly for scoring points. The Pokémon Diglett is used at the paddle and a Pokeball is used as the main ball.","https://archives.bulbagarden.net/media/upload/2/21/Pinball_mini_EN_boxart.png, https://fs-prod-cdn.nintendo-europe.com/media/images/migration/games_7/screenshots/pokemon_mini_4/pokmon_pinball_mini/pokmon_pinball_mini_3.jpg, https://i.ytimg.com/vi/uD-Y0FGf5G8/mqdefault.jpg",https://www.youtube.com/watch?v=EfYjM0uNq40,,Entertainment,N,single-player,site-specific,Handheld,Game Cartridge,,rlglove2@ncsu.edu
Pokémon Pinball: Ruby & Sapphire,2003,Jupiter Corporation,Kyoto,Japan,https://www.nintendo.co.uk/Games/Game-Boy-Advance/Pokemon-Pinball-Ruby-Sapphire-267156.html,"Pokémon Pinball: Ruby & Sapphire is a pinball game for the Nintendo Game Boy Advance featuring Pokémon from the 1st-3rd generation. It is the sequel to the Game Boy's Pokémon Pinball game from 1999. Gameplay is that of a normal pinball game, but allows for players to capture, collect, and defeat Pokémon with their skill. Various items and characters from the series appear on the games boards to help or hinder the players progress. There are 205 Pokémon to collect in the game.","https://upload.wikimedia.org/wikipedia/en/thumb/8/82/Pokemonpinballrubyandsapphire.png/220px-Pokemonpinballrubyandsapphire.png, https://upload.wikimedia.org/wikipedia/en/6/63/Pokemon_Pinball_RS_screenshot.png, https://fs-prod-cdn.nintendo-europe.com/media/images/06_screenshots/games_5/virtual_console_wii_u_3/wiiuvc_pokemonpinballrubyandsapphire/WiiUVC_PokemonPinballRubyAndSapphire_02.jpg","https://www.youtube.com/watch?v=y53iLxlJHDo, https://www.youtube.com/watch?v=gvQroVuKthE",,Entertainment,N,single-player,site-specific,Handheld,Game Cartridge,,rlglove2@ncsu.edu
Pokémon Platinum,2008,"GameFreak, Nintendo",Tokyo,Japan,,"Pokémon Platinum is the third entry of the 4th generation of Pokémon games developed by Game Freak. Platinum acts as an enhanced edition of Pokémon Diamond and Pearl, offering players speedier gameplay and a new story. New areas and forms of Pokémon are introduced as well, making Platinum one of the best esteemed games in the franchise. Like many other special editions of Pokémon games (Emerald and Silver), Platinum was designed to be the ultimate version of the generation.",https://upload.wikimedia.org/wikipedia/en/c/ca/Pokemon_Platinum.png,,,,N,multiplayer,site-specific,Handheld,Game Boy DS,,logan.donner.brown@gmail.com
Pokémon Puzzle Collection,2001,Jupiter Corporation,Kyoto,Japan,,"Pokémon Puzzle Collection is a puzzle game for the Pokémon Mini handheld. Gameplay features four original puzzle games including: Motion, Shadow, Rescue Mission, and Power On. All puzzle games revolve around shifting blocks or pieces in order to form a shape, escape an entrapment, or connect circuits together, using sliding motions to complete them. After completing 30 puzzles the Power Up mode is unlocked. Each mode has 20 puzzles, divided into five levels with four puzzles each.","https://archives.bulbagarden.net/media/upload/thumb/f/f9/Puzzle_Collection_EN_boxart.png/190px-Puzzle_Collection_EN_boxart.png, https://www.gamesdatabase.org/Media/SYSTEM/Nintendo_Pokemon_Mini/Title/Thumb/Thumb_Pokemon_Puzzle_Collection_Vol._2.jpg, https://media.retroachievements.org/Images/030904.png",https://www.youtube.com/watch?v=VFHW-5NKUAY,,Entertainment,N,single-player,site-specific,Handheld,Game Cartridge,,rlglove2@ncsu.edu
Pokémon Puzzle Collection vol. 2,2002,Jupiter Corporation,Kyoto,Japan,,"Pokémon Puzzle Collection vol. 2  is a puzzle game for the Pokémon Mini handheld, only released in Japan. The game has 4 modes, 2 new ones and 2 returning from the previous game. Motion Puzzles and Shadow Puzzles return, Pick Up Puzzles and Stitch Puzzles are introduced. Each puzzle has 20 different stages, all modes are unlocked from the start, and completing a stage unlocks the next as well as catches a Pokémon players can view from the Mini Dex menu.","https://archives.bulbagarden.net/media/upload/thumb/4/4b/Puzzle_Collection_Vol_2_JP_boxart.png/190px-Puzzle_Collection_Vol_2_JP_boxart.png, https://www.serebii.net/mini/puzzle2/minidex.png, https://www.serebii.net/mini/puzzle2/shadow.png",,,Entertainment,N,single-player,site-specific,Handheld,Game Cartridge,,rlglove2@ncsu.edu
Pokémon Race mini,2002,Jupiter Corporation,Osaka,Japan,,"Pokémon Race mini is a racing game for the Pokémon Mini handheld. Players control Pikachu as they race other Pokémon while avoiding obstacles like grass and water. Pokémon that race against Pikachu have different buffs that assist them, for example, Chikorita is not slowed by grass. The game has 16 levels, and 5 modes including: Pokémon Grand Prix, Challenge, Time Attack, and Ditto Battle, and Rankings.","https://www.giantbomb.com/a/uploads/scale_small/9/92252/1753679-pokemonrace.jpg, https://i.ytimg.com/vi/TNvRLRfBiY0/hqdefault.jpg, https://serebii.net/mini/race/rookiecup/1.png, https://serebii.net/mini/race/timeattack.png",https://www.youtube.com/watch?v=TNvRLRfBiY0,,Entertainment,N,multiplayer,site-specific,Handheld,Game Cartridge,Infrared,rlglove2@ncsu.edu
Pokémon Ranger,2006,"HAL Laboratory, Creatures Inc.",Tokyo,Japan,,"Pokémon Ranger is an action/role-playing game for the Nintendo DS. Core gameplay differs from traditional Pokémon games, allowing players to use the ""capture styler"" to catch Pokémon, rather than the standard Pokeballs. Players use the touch-screen and the stylus to capture Pokémon, capturing different Pokémon allows the styler to be upgraded with different buffs. The plot involves the player controlling Lunick or Solana in their quest to capture Pokémon and stop the evil Go-Rock squad. Pokémon Ranger would receive two sequels following its success.","https://www.mobygames.com/images/covers/l/104511-pokemon-ranger-nintendo-ds-front-cover.jpg, https://dsmedia.ign.com/ds/image/article/743/743781/pokemonranger_inline_1162522340.jpg?fit=bounds&width=1280&height=720, https://i.ytimg.com/vi/SKU6AhGcqUE/hqdefault.jpg","https://www.youtube.com/watch?v=cE1QIjlWtTI, https://www.youtube.com/watch?v=sxbdcIUHSSk",https://www.ign.com/articles/2006/11/03/pokemon-ranger-review (IGN: Pokémon Ranger Review),"Entertainment, Interaction",N,single-player,site-specific,Mobile,"Game Cartridge, Stylus, Game Console",,rlglove2@ncsu.edu
Pokémon Red and Blue,1996,"Nintendo, Game Freak",Tokyo,Japan,https://www.pokemon.com/us/pokemon-video-games/pokemon-red-version-and-pokemon-blue-version/,"Pokémon Red, Blue, Green, Yellow are the first generation of Pokémon games developed by Nintendo and Game Freak. Both games are for the Nintendo Game Boy and were rereleased on the Nintendo 3DS E-Shop. Pokémon is an RPG where player collect, train, and evolve creatures called Pokémon in order to win battles, beat villainous organizations, or catch every Pokémon. The success of both early games launched Pokémon into being the most valuable franchise in media.  Differences between the games included Pokémon you could catch or win as a prize. Players can interact via a Game Boy link cable.","https://upload.wikimedia.org/wikipedia/en/thumb/a/af/Pok%C3%A9mon_Red_and_Blue_cover_art.webp/474px-Pok%C3%A9mon_Red_and_Blue_cover_art.webp.png, http://www.heypoorplayer.com/wp-content/uploads/2016/02/pokered.gif, https://i0.wp.com/jasonyu.me/wp-content/uploads/2018/06/pokemonred-e1529430185757.jpg?fit=936%2C527","https://www.youtube.com/watch?v=UncqdFdqVR0, https://www.youtube.com/watch?v=qVDfN_Jkx9s","https://www.ign.com/wikis/pokemon-red-blue-yellow-version/Pokemon_Red,_Blue,_and_Yellow_Version_Differences (Pokemon Red, Blue, and Yellow Version Differences), https://screenrant.com/pokemon-red-blue-age-rating-increased-3ds-why/ (Why Pokémon Red & Blue Had Their Age Rating Increased On 3DS), https://ew.com/article/2015/11/13/pokemon-red-blue-yellow-rerelease-3ds/ (Pokémon Red, Blue, and Yellow versions re-releasing on Nintendo 3DS)",Entertainment,N,multiplayer,site-specific,Mobile,Game Console,,anbaker8@ncsu.edu
Pokémon Tetris,2002,Nintendo,Tokyo,Japan,https://www.nintendo.co.uk/Games/Pokemon-mini/Pokemon-Tetris-Mini-276025.html,"Pokémon Tetris is a puzzle game for the Pokémon Mini handheld. Gameplay requires players to rotate falling shapes in order to create lines, once a line is complete it will disappear and a Pokémon on the left of the screen will be caught and added to the Pokedex. The various game modes include Standard (with three difficulties: Rookie, Normal, and Hyper,) 20 Lines (a time test to see if the player can fill 20 lines), Pyramid (a challenge to see if the player can complete 1-4 lines), Pokedex (a menu to view captured Pokémon), and VS. Multiplayer is possible through the VS mode if two players have a game cartridge. The VS mode is the same as Standard, but if a player completes a line, the other player receives an extra one.","https://archives.bulbagarden.net/media/upload/thumb/1/1a/Tetris_EN_boxart.png/190px-Tetris_EN_boxart.png, https://fs-prod-cdn.nintendo-europe.com/media/images/migration/games_7/screenshots/pokemon_mini_4/pokmon_tetris_mini/pokmon_tetris_mini_3.jpg",https://www.youtube.com/watch?v=OW_er28nWJc,,Entertainment,N,multiplayer,site-specific,Handheld,Game Cartridge,Infrared,rlglove2@ncsu.edu
Pokémon Trozei!,2006,Genius Sonority,Kyoto,Japan,https://www.pokemon.com/us/pokemon-video-games/pokemon-trozei/,"Pokémon Trozei! is a puzzle game for the Nintendo DS. Players match blocks shaped like Pokémon in order to clear ways for new blocks, reaching scores, completing levels, and collecting Pokémon by matching them. Game modes include, Adventure (a story mode), Endless (a challenge mode that lasts 145 levels), Forever (a harder challenge mode that never ends), and Pokedex (a menu where players can view Pokémon they have captured/matched.) Multiplayer is accessible through the DS's infrared capabilities, allowing players to challenge each other and earn higher scores.","https://upload.wikimedia.org/wikipedia/en/thumb/c/ce/Pok%C3%A9mon_Trozei%21_Coverart.png/220px-Pok%C3%A9mon_Trozei%21_Coverart.png, https://assets.pokemon.com/assets/cms/img/video-games/trozei/screenshots/trozei_ss2.jpg, https://assets.pokemon.com/assets/cms/img/video-games/trozei/screenshots/trozei_ss3.jpg","https://www.youtube.com/watch?v=dPXYArkHCgg, https://www.youtube.com/watch?v=3MPL4Uk0e94",,"Entertainment, Interaction",N,multiplayer,site-specific,Handheld,Game Cartridge,Infrared,rlglove2@ncsu.edu
Pokémon Zany Cards,2001,Denyusha,Kyoto,Japan,,"Pokémon Zany Cards is a handheld virtual card game for the Pokémon Mini handheld. There are 4 game modes, 3 of which allow for multiplayer (Wild Match, Special Seven and Card Duel.) The only single player game mode is Four Kings. All game modes are unique to Pokémon Zany Cards, and feature new mechanics and Pokémon from the main series of games.","https://www.serebii.net/mini/zanycards/specialseven.png, https://www.serebii.net/mini/zanycards/box.jpg, https://www.serebii.net/mini/zanycards/wildmatch.png",https://www.youtube.com/watch?v=_MXJYZ1QXe0,,Entertainment,N,multiplayer,site-specific,Handheld,Game Cartridge,Infrared,rlglove2@ncsu.edu
Pooyan,1982,Gakken,Tokyo,Japan,,"Pooyan is a handheld LCD game developed by Gakken, based of the arcade game/franchise. Gameplay involved players controlling a pig on a lift while shooting down attacking wolves that are floating on balloons. Controls include a shoot button, up/down buttons, and score is kept as the player shoots more wolves. The LCD screen is surrounded by colorful art of the characters in the game.","https://www.handheldmuseum.com/Gakken/Gakken-Pooyan.jpg, https://www.handheldmuseum.com/Gakken/Gakken-PooyanBox.jpg",,,Entertainment,N,single-player,site-specific,Handheld,Game Console,,rlglove2@ncsu.edu
R-Zone,1995,Tiger,"Vernon Hills, Illinois",USA,,"The R-Zone is a handheld system that tried to capitalize on the craze of virtual reality. Users view games on a half-mirrored eyepiece attached to a headset worn via a headband. This system was Tiger's first to allow for multiple games to be played with one system; each interchangeable game cartridge included its own red-colored LCD screen. Many licensed games exist for it, including games based off Batman Forever and The Lost World: Jurassic Park.","https://i.pcmag.com/imagery/lineupitems/05NQYifg17QslndHJ7wAxjY.1569507728.fit_lim.size_800x440.jpg, http://www.racketboy.com/randomracket-images/rzone/rzone2.jpg, http://www.retroplace.com/pics/rzone/packshots/136459--tiger-r-zone.png, http://www.vintagecomputing.com/wp-content/images/retroscan/rzone_3_small.jpg, http://www.vintagecomputing.com/wp-content/images/retroscan/rzone_head_small.jpg","https://www.youtube.com/watch?v=O6ZSzYx14Qw, https://www.youtube.com/watch?v=WY_kGWMjJW8","https://www.pcmag.com/news/7-awesome-portable-electronic-games-of-the-1990s (7 Awesome Portable Electronic Games of the 1990s), https://www.chicagotribune.com/news/ct-xpm-1995-11-28-9511280045-story.html (SAVE FOR X-MAS, SKIP THE R-ZONE), http://www.vintagecomputing.com/index.php/archives/190 (Tiger’s R-Zone — the Ultimate Eye Strain Device)",Entertainment,N,single-player,site-specific,Handheld,Game Console,,jjfennim@ncsu.edu
RAZR,2004,Motorola,,,https://www.motorola.com/us/smartphones-razr-family,"Thin flip phone with mini USB port, digital camera, a predecessor of the StarTAC. The RAZR had a clamshell design with an internal and external glass screen. Headphone are able to be attached and a mini-USB port is present for charging. It is credited as the best selling clamshell phone. An updated touchscreen model that folds was released in 2020.","https://cdn.chass.ncsu.edu/sites/mglab.chass.ncsu.edu/IMG_3147%20(1).JPG, https://upload.wikimedia.org/wikipedia/commons/1/16/Motorola_RAZR_V3i_01.JPG, https://images.indianexpress.com/2019/11/moto-razr_14.jpg",https://www.youtube.com/watch?v=4_IK295sfxQ,"https://www.pcmag.com/news/a-visual-history-of-the-motorola-razr#:~:text=In%202004%2C%20the%20Moto%20Razr,selling%20phones%20of%20all%20time. (A Visual History of the Motorola Razr), https://www.theverge.com/2020/2/13/21135809/motorola-razr-review-foldable-flip-phone-verizon-price-camera-display-battery (MOTOROLA RAZR 2020 REVIEW: FOLDING FLIP PHONE FLOPS), https://www.gsmarena.com/motorola_razr_v3-853.php (Motorola RAZR V3 Specs)","Entertainment, Education",N,multiplayer,site-specific,Mobile,Cell Phone,"SMS, Voice, Voicemail, Cell-ID",ejstanle@ncsu.edu
REXplorer,2007,"Rafael Ballagas, Steffen P. Walz, Regensburg Experience Museum",Regensburg,Germany,http://wiki.museummobile.info/museums-to-go/products-services/rexplorer,"REXplorer is a mobile, pervasive spell-casting game designed for tourists of Regensburg, Germany. The game creates player encounters with spirits (historical figures) that are associated with significant buildings in an urban setting. A novel mobile interaction mechanism of “casting a spell” (making a gesture by waving a mobile phone through the air) allows the player to awaken and communicate with a spirit to continue playing the game. The game is designed to inform visitors about history in a fun manner.","https://www.researchgate.net/profile/Steffen_Walz/publication/250858468/figure/fig6/AS:668759207469075@1536456028601/Playability-testers-enjoying-the-game-of-REXplorer-on-site-Regensburg_W640.jpg, https://www.researchgate.net/profile/Steffen_Walz/publication/250858468/figure/fig3/AS:298169784127503@1448100624922/Buildings-and-locations-with-paranormal-activity-on-the-letterfold-brochure-map-back_W640.jpg, https://www.researchgate.net/profile/Steffen_Walz/publication/250858468/figure/fig5/AS:298169788321796@1448100625181/Individual-souvenir-geo-weblog_W640.jpg",https://www.youtube.com/watch?v=zuefBtnQGWg,"https://ieeexplore.ieee.org/abstract/document/9047024/ (Bakhsheshi, F. F., & Ghaziani, G. (2019). Tourism based games: A study of challenges and profits. Paper presented at the 30-37. doi:10.1109/ISGS49501.2019.9047024), https://link.springer.com/chapter/10.1007/978-3-540-79576-6_15 (Ballagas, R., Kuntze, A., & Walz, S. P. Gaming tourism: Lessons from evaluating REXplorer, a pervasive game for tourists. (pp. 244-261). Berlin, Heidelberg: Springer Berlin Heidelberg. doi:10.1007/978-3-540-79576-6_15), http://wiki.museummobile.info/museums-to-go/products-services/rexplorer (Overview, MuseumMobile Wiki), https://dl.acm.org/doi/abs/10.1145/1240866.1240927 (Ballagas et al. (2007). REXplorer: A mobile, pervasive spell-casting game for tourists. Paper presented at the 1929-1934. doi:10.1145/1240866.1240927), https://ebookcentral.proquest.com/lib/ncsu/detail.action?docID=534907 (“Tico” Ballagas, R., & Walz, S. P.case k - rexplorer. (pp. 215-218) Elsevier Science & Technology. doi:10.1016/B978-0-12-374853-9.00024-6)","Entertainment, Research, Tourism",N,single-player,site-specific,"Pervasive, Location-based, Hybrid Reality, Urban","Cell Phone, GPS",GPS,
Rabbit Hop,1982,VTech,Hong Kong,China,,"Game/console with three screens that folds-in and offers four different games. Has navigational control, music on/off controls. The game required players to control a rabbit while dodging items thrown at them by kids and a bear.

The game was also released in Germany under the name Zeit & Spass","http://www.miniarcade.com/img/games/vtech/rabbit_game1.jpg, http://www.miniarcade.com/img/games/vtech/rabbit_game2.jpg, http://www.miniarcade.com/img/games/vtech/rabbit_ss3.jpg, https://cloud10.todocoleccion.online/videojuegos-y-consolas/tc/2019/11/06/15/182381403_tcimg_B3F6ABD5.jpg",https://www.youtube.com/watch?v=saLyA608H18,http://www.miniarcade.com/vtech/rabbit.php (Mini Arcade: Rabbit Hop),Entertainment,N,single-player,site-specific,Mobile,Game Console,,rlglove2@ncsu.edu
RayGun,2005,GloVentures LLC,Seattle,United States,No active website for game currently exists,"RayGun is a commercial product that runs on a GPS-equipped mobile phone. The players have a radar-like view on their phones’ displays. The “radar” shows the location of virtual ghosts. Players then try to shoot ghosts by moving in their direction. The faster a player moves, the more powerful the shot. The energy of a shot “annoys” ghosts, and a player can expect more ghosts after shooting one. In RayGun, each player has only limited access to the virtual game world, and the level of immersion in the game depends on the player’s imagination.","http://www.happytoast.com/glofun/images/RayGun_WebArt.jpg, http://www.happytoast.com/glofun/images/RayGun_Screenshot1.png, http://www.happytoast.com/glofun/images/RayGun_Screenshot2.png, http://www.happytoast.com/glofun/images/RayGun_Screenshot3.png",,"http://www.happytoast.com/glofun/Glofun_RayGun.html (Overview, HappyToast (2007)), https://dl.acm.org/doi/abs/10.1145/1111293.1111302 (Rashid, O., Mullins, I., Coulton, P., & Edwards, R. (2006). Extending cyberspace: Location based games using cellular phones. Computers in Entertainment (CIE), 4(1), 4-es. doi:10.1145/1111293.1111302), http://prweb.com/releases/2004/12/prweb183725.htm (Press release, Cision PRWeb (2004)), http://citeseerx.ist.psu.edu/viewdoc/download?doi=10.1.1.558.3217&rep=rep1&type=pdf (Peltola, J., & Karsten, H. (2008). When play is not enough: Towards actually useful applications for digital entertainment), https://ieeexplore.ieee.org/abstract/document/1572367/ (D. Kushner, ""Location, location, location [location-based games],"" in IEEE Spectrum, vol. 43, no. 1, pp. 62-67, Jan. 2006, doi: 10.1109/MSPEC.2006.1572367)",Entertainment,N,single-player,site-specific,"Hybrid Reality, Pervasive, Location-based","Cell Phone, GPS",GPS,
RealReplay,2005,Andreas Jakl,,,https://realreplay.andreasjakl.com/news/index.php,"RealReplay is a location-based game where players create their own race track using their device's GPS. Other players can then race along the player's created racetrack. The game supports races on bikes, skates, sailing boats, or on foot.",https://realreplay.andreasjakl.com/images/pictures/race_closeup.jpg,,,Entertainment,Y,multiplayer,site-specific,"Mobile, Location-based",Cell Phone,GPS,jjfennim@ncsu.edu
Rhythm Heaven,2008,Nintendo,Kyoto,Japan,,"Rhythm Heaven is a music/rhythm game for the Nintendo DS. This game required players to hold their DS sideways and use the touchscreen. A left-handed mode was also available. A collection of rhythm/mini games compose the entire game. Controls required players to use the DS stylus for tapping, holding, sliding and flicking, or the left and right buttons for playing Rockers 2 (a game within the game). Rhythm Heaven was the first game in the series to be released outside of Japan.","https://m.media-amazon.com/images/I/81B3dhFK-nL._SL1500_.jpg, https://theboar.org/wp-content/uploads/2021/01/twxwgc9rikhvlbqanuuw.jpg, https://64.media.tumblr.com/4e3bc0c54b9c68d451a2674e2a65399c/tumblr_inline_orpgczhn0u1qa2s89_1280.jpg","https://www.youtube.com/watch?v=a3GiES4Tawc, https://www.youtube.com/watch?v=zmg3GmHgpYw, https://www.youtube.com/watch?v=RJxGI4v6qR8",https://www.wired.com/2009/04/review-rhythm-h/ (Review: Rhythm Heaven Is Portable Musical Brilliance),"Entertainment, Interaction",N,single-player,site-specific,Handheld,"Game Console, Game Cartridge",,rlglove2@ncsu.edu
Rider Spoke,2007,"Blast Theory, Mixed Reality Labs",London,England,https://www.blasttheory.co.uk/projects/rider-spoke/,"Rider Spoke (2007) is a location-based game developed by Blast Theory. Cyclists mount a Nokia N800 to the handlebars of their bicycles before heading out into the city. Using WiFi fingerprinting to determine location, the device guides users to various hiding places throughout the area. At each hiding place, the user is asked to answer a question or share a story via a voice recording on their device. Users can also find locations where other cyclists have left responses and listen to those as well.","https://www.blasttheory.co.uk/wp-content/uploads/2013/02/rs_secondary-625x450.jpg, https://i.ytimg.com/vi/dsdfBAjYnh0/mqdefault.jpg, https://www.blasttheory.co.uk/wp-content/uploads/2018/04/project_cp_featured-800x450.jpg, https://www.researchgate.net/profile/Rodica_Mocan/publication/334028899/figure/fig1/AS:845368858263557@1578563050993/Blast-Theory-Rider-Spoke-2007-11.jpg",https://www.youtube.com/watch?v=gkAQX8cz9hc,"https://ore.exeter.ac.uk/repository/handle/10871/17764 (Giannachi, G., Rowland, D., Benford, S., & Price, D. (2010). The documentation and archiving of mixed media experiences: the case of Rider Spoke.), https://www.tandfonline.com/doi/abs/10.1080/10486801.2010.489047 (Giannachi, G., Rowland, D., Benford, S., Foster, J., Adams, M., & Chamberlain, A. (2010). Blast Theory's Rider Spoke, its documentation and the making of its replay archive. Contemporary Theatre Review, 20(3), 353-367.), https://books.google.com/books?hl=en&lr=&id=xN7SDwAAQBAJ&oi=fnd&pg=PT49&dq=ragan+glover-rijkse&ots=jQEJ0mSwhU&sig=DXy6DKb2GjIxYpj-YiYa-W35CFI#v=onepage&q=ragan%20glover-rijkse&f=false (Glover-Rijkse, Ragan. ""1 You start it."" Hybrid Play: Crossing Boundaries in Game Design, Players Identities and Play Spaces (2020).), https://books.google.com/books?hl=en&lr=&id=BLRACwAAQBAJ&oi=fnd&pg=PA141&dq=Rider+Spoke&ots=dJ2m0Ihjip&sig=-BbdkiAEMe73tRnfROZS5SZfl10#v=onepage&q=Rider%20Spoke&f=false (Dovey, J. (2016). Ambient literature: Writing probability. Ubiquitous Computing, Complexity and Culture, 141-154.)","Art, Entertainment, Interaction",N,multiplayer,site-specific,"Location-based, Hybrid Reality",Tablet,"Internet, Voicemail, GPS, Bluetooth",rlglove2@ncsu.edu
Riot!1831,2005,,Nottingham,England,http://www.riot1831.org/,"Riot! 1831 is an augmented-reality app that allows the user to have an immersive experience centered on the 1831 Reform Riots in Queens Square. The user may use the app in the Nottingham Museum or in their own home to have an engaging, realistic, and replicated experience of the riots.","https://www.hotknife.co.uk/wordpress/wp-content/uploads/2016/02/Screenshot_2013-12-02-15-56-24.png, https://www.hotknife.co.uk/wordpress/wp-content/uploads/2016/02/CastleRender.jpg",https://youtu.be/RaX60fPaBss,https://www.researchgate.net/publication/249830601_Experience_Design_Guidelines_for_Creating_ Situated_Mediascapes (Experience Design Guidelines for Creating Situated Mediascapes),Education,N,multiplayer,site-specific,"Location-based, Hybrid Reality",Computer,Internet,rlglove2@ncsu.edu
SCOOT,2006,Queensland University of Technology,Melbourne,Australia,No active website for game currently exists,SCOOT is an SMS treasure hunt that guides groups through unique public places. Players seek out mystery objects that are hidden in a public place. Along the way they participate in activities and solve clues by seeking out facts about the sites. The game intentionally requires experience in gameplay as well as the ability to identify and interpret cultural information.,,"https://www.youtube.com/watch?v=JvfL-D1IGNY, http://debpolson.com.au/scoot/","https://dl.acm.org/doi/abs/10.1145/1378063.1378190 (Polson, D., & Morgan, C. (2007). Now everything looks like a game: Mobile phones and location-based games. Paper presented at the 751-754. doi:10.1145/1378063.1378190), https://eprints.qut.edu.au/26094/ (Polson, Debra & Morgan, Colleen (2007) MILK : the Mobile Informal Learning Kit. Collaborating to design successful mobile learning applications. In IADIS Mobile Learning 2007 International Conference, 2007-07-05 - 2007-07-07), https://eprints.qut.edu.au/61242/ (The SCOOT experience : games in place : collaborative interventions in socio-spatial practices, (Polson, 2003)), https://eprints.qut.edu.au/31764/ (Polson, Debra & Morgan, Colleen (2010) The 10% rule: Maximising learning through collaborative game design. In Isaias, P & Sanchez, I A (Eds.)",Research,N,single-player,site-specific,Location-based,"Cell Phone, Computer, GPS","GPS, 3G",
SSX: Out of Bounds,2004,EA Sports,,,https://www.ign.com/games/ssx-out-of-bounds,"A game which requires players to avoid obstacles and perform tricks while snowboarding. An N-Gage exclusive, this game featured Bluetooth multiplayer and 12 unique tracks. It was the season's only SSX game and garnered positive reviews. Out of Bounds is the only SSX game on the N-Gage.","https://cdn.chass.ncsu.edu/sites/mglab.chass.ncsu.edu/ssx.JPG, https://www.mobygames.com/images/covers/l/71954-ssx-out-of-bounds-n-gage-back-cover.jpg, https://i.ytimg.com/vi/4aLuLrXUY-o/hqdefault.jpg","https://www.youtube.com/watch?v=0VQiPSsB3Dg, https://www.youtube.com/watch?v=0hoqDxWSbw0","https://www.ign.com/games/ssx-out-of-bounds (SSX Out of Bounds IGN), https://www.gamespot.com/reviews/ssx-out-of-bounds-review/1900-6118463/ (SSX: Out of Bounds Review GameSpot), https://www.globenewswire.com/news-release/2005/01/24/1847289/0/en/SSX-Out-Of-Bounds-On-The-N-Gage-Grinds-Its-Way-To-Stores.html (SSX: Out Of Bounds On The N-Gage Grinds Its Way To Stores)",Entertainment,N,multiplayer,site-specific,Mobile,Game Console,Bluetooth,ejstanle@ncsu.edu
Savannah,2004,"K. Facer, R. Joiner, D. Stanton, J. Reid, R. Hull, D. Kirk",Bath,United Kingdom,,"Savannah is a game that was designed as a study to offer insights as to how mobile gaming can support learning. It was target towards kids between the ages of 11 and 12. The children were given GPSs that were linked to PDAs. Through the PDAs they could see, hear, and “smell” their surroundings in the virtual Savannah. There were two domains for the game. The first was an outdoor area that measured 100m x 50m. In this area, the kids would interact with a virtual Savannah and try to survive as lions in the wild. The children were exposed to real risks of being a lion in the Savannah and tried to survive. The other domain was an indoor space called the “Den”.  This space was a space where children would reflect on how well they survived and used their resources. While in the Savannah, the children would see still images of their environment that simulated scents or images the lions would see. They had an energy bar that would let them know if they were too hot or too hungry. They were also able to send information back to the Den to look back at later.","https://www.researchgate.net/figure/Level-2-Savannah-sound-map-on-Den-Interface_fig3_313441240, https://www.researchgate.net/figure/nteractive-whiteboard-screen-level-1-showing-lion-tracks-marks-and-highlighted-mark_fig2_313441240, https://www.researchgate.net/figure/Personal-digital-assistants-PDAs-and-headphones-with-image-energy-bar-and-sight-send_fig1_313441240",,https://onlinelibrary-wiley-com.prox.lib.ncsu.edu/doi/full/10.1111/j.1365-2729.2004.00105.x (Savannah: mobile gaming and learning?),"Education, Interaction",N,multiplayer,site-specific,Location-based,"GPS, PDA","GPS, Pictures, Internet",jjfennim@ncsu.edu
Shantae,2002,WayForward,"Santa Clara, CA",USA,,"Shantae is a side-scrolling platforming game for the Nintendo Game Boy Color. The plot revolves around Shantae, a half-genie, attempting to stop a group of pirates from taking over Sequin Land. Gameplay requires players to control Shantae as she learns dances and collects items that increase her power. The dances Shantae learns transform her into different animals, which helps her traverse levels and defeat enemies. Opponents in the game drop gems, a currency used to purchase and upgrade items. Shantae was rereleased for the Nintendo 3DS Virtual Console in 2013 and received a Nintendo Switch port.","https://upload.wikimedia.org/wikipedia/en/thumb/4/44/Shantae_Cover.jpg/220px-Shantae_Cover.jpg, https://www.gamesdatabase.org/Media/SYSTEM/Nintendo_Game_Boy_Color/Title/big/Shantae_-_2002_-_Capcom_Co.,_Ltd..jpg, https://upload.wikimedia.org/wikipedia/en/3/31/Shantae_screenshot.png",https://www.youtube.com/watch?v=oPExkCFzuO4,https://comicbook.com/gaming/news/shantae-review-nintendo-switch/ (Shantae Review: A Game Boy Color Classic Comes to Nintendo Switch),Entertainment,N,single-player,site-specific,Mobile,Game Cartridge,,rlglove2@ncsu.edu
Shoot Me If You Can,2005,"Taeyoon Choi, Urban Vibe",Seoul,South Korea,,"This is an urban game where players are placed into teams, each team assigned a color and each player is wearing their last four phone number digits in the front and back of their shirts. After teams are assigned, an operator sends a SMS to all players announcing the game has started. Players then roam around the streets trying to capture their opponents in a picture to win the game. Once s picture is captured, it is sent to the operator via multimedia SMS and if the picture has clearly captured the opponent, then operator sends SMS to the captured opponent saying ""You are shot."" First team that photographs each member of opponent team wins.","http://taeyoonchoi.com/wp-content/uploads/2011/01/Shootme16.jpg, http://taeyoonchoi.com/wp-content/uploads/2011/01/Shootme20.jpg, https://taeyoonchoi.com/wp-content/uploads/2011/01/shoot2.jpg, https://taeyoonchoi.com/wp-content/uploads/2011/01/shootmeshootmeshootme_doc_038_1-tchoi8.jpg, https://taeyoonchoi.com/wp-content/uploads/2011/01/NEW.jpg",https://vimeo.com/6534527,"https://we-make-money-not-art.com/dislocate_part/ (Sascha, et al. (2007) “Dislocate (Part 1).” We Make Money Not Art.. Art), https://taeyoonchoi.com/2010/01/shoot-me-if-you-can/ (Choi, Taeyoon. (2010). Shoot me if you can.)","Interaction, Entertainment, Art, Team-based",N,multiplayer,site-specific,,Camera Phone,"Pictures, SMS",jjfennim@ncsu.edu
Siberian Strike,2001,Gameloft,,,,"This game is a shooter game in which the ultimate goal of the player is to destroy the character called the ""Stalin-Bot"". The game takes place in an alternate world following the date of World War II and, as such, demonstrates themes of communist destruction. The player moves around their screen to avoid enemy projectiles while also trying to fire weapons at the indicated enemy.","https://images.sftcdn.net/images/t_app-cover-l,f_auto/p/a4c3e042-9b28-11e6-ab55-00163ed833e7/3112016759/siberian-strike-screenshot.jpg",https://www.youtube.com/watch?v=jH_wzgMATEY,"https://www.wikiwand.com/en/Siberian_Strike (Siberian Strike), https://siberian-strike.en.softonic.com/ (Siberian Strike Review)",Entertainment,N,multiplayer,site-specific,Mobile,"Cell Phone, PDA",,rlglove2@ncsu.edu
Skattjakt (Treasure Hunt),2008,Center for Learning and Knowledge Technologies (CeLekt) at Växjö University,Växjö,Sweden,http://www.celekt.info/max/,"""Skattjäkt (Treasure Hunt) is a mobile game designed to encourage young people to get physical by solving a mystery surrounding a castle built on the university’s campus. The game is inspired by treasure hunts and the sport of orienteering. Up to 6 teams can compete currently. The game starts with a video detailing the mystery of why the ghost of Anna Koskull has come back and now the players need to help her solve the mystery of her late husband Frederick Bonde in order to free her spirit from limbo. After the players get briefed they are split into teams. The game starts and each team gets a different location on the campus to find. The locations are shown on the phone via the Flash Lite Application and they can zoom and pan the area to find the spot. They receive a clue to find a 4-digit code, for example look for lion’s feet at the castle. When they arrive to the castle the can see 2 large lions at the feet of the right lion is sticker with a code, they enter the code into the phone and then they get the question what is on the family shield of the castle. They go up the steps of the castle to look at the shield, if they answer correctly they get a clue to the next location, if not they get a detour location. Of course they don’t know it is a detour until they get to the location. The teams need to solve the mysteries at each of the 6 locations and at the 7th final location the first team to arrive wins."" (description from project site).","http://www.celekt.info/max/content/game_collage.jpg, http://www.celekt.info/max/content/photos_collage.jpg",,http://www.celekt.info/projects/show/15 (Center for Learning and Knowledge Technology (2008). Project Description.),,N,multiplayer,site-specific,"Mobile, Location-based",Cell Phone,,rlglove2@ncsu.edu
Slimboy Watch and Bowling,1980,Tomy,Tokyo,Japan,,"A gaming watch with an alarm clock and two bowling games. This model is a part of the series ""Watchman"" made up of several gaming watches. Gameplay involves timing the player controlled man as he looks to get a strike.","http://www.electronicplastic.com/_images/450/tomy/_box/Bowling-watch.jpg, http://www.electronicplastic.com/_images/450/tomy/Bowling-watch.jpg",https://www.youtube.com/watch?v=ieGBVtoCa7w,http://www.electronicplastic.com/game/?company=&id=493 (Electronic Plastic),"Entertainment, Education",N,single-player,site-specific,Mobile,Game Console,,ejstanle@ncsu.edu
Snake,1997,Teneli Armanto (Nokia),Espoo,Finland,,"A preloaded game on the Nokia 6110, in which the player maneuvers a line and tries to grow the line by running into items while making sure the line doesn't collide into itself. Snake originated on early computers and calculators. The version for Nokia devices was programmed by Nokia Design Engineer Teneli Armanto. The game was played on 350 million Nokia devices worldwide according to the company.","https://admin.itsnicethat.com/images/OIjxNdWZjDBxGO8G63riG0GcbPM=/200895/format-webp%7Cwidth-1440/Extra_nice__2021__snake_imagery___3_c4xEYPC.jpg, https://images.ctfassets.net/d6skzop43my5/1lC7F7TRukFQLrppon2JxU/db50c525ff876db96469107e9b4a960d/press-release-snake.jpg?q=50, https://img.gadgethacks.com/img/56/11/63564185546645/0/play-classic-snake-97-game-android-ios-windows-phone.1280x600.jpg",https://www.youtube.com/watch?v=j9Rk4JQwtL4,"https://web.archive.org/web/20110723064106/http://conversations.nokia.com/2009/01/20/history-of-nokia-part-2-snake/ (History of Nokia: Snake), https://searchengineland.com/googles-latest-easter-egg-video-game-shows-searches-snake-play-snake-283424 (Google's Snake Easter Egg), https://playsnake.org/ (Play Snake)",Entertainment,N,single-player,site-specific,Mobile,Cell Phone,,jjfennim@ncsu.edu
Snake,1998,Nokia,,,https://www.nokia.com/phones/en_us/support,"A game in which the player is represented as a snake that moves around on a 2D plane and eats ""squares"" that appear on the screen. It grows in length with each square it eats and the goal is to hit trying to avoid ""hitting"" its growing tail. The game was played on the Nokia 5110.","https://cdn.chass.ncsu.edu/sites/mglab.chass.ncsu.edu/IMG_3148%20(2).JPG, https://upload.wikimedia.org/wikipedia/commons/thumb/d/d0/Nokia-5125-Cobalt-Front-Upright.jpg/200px-Nokia-5125-Cobalt-Front-Upright.jpg, https://upload.wikimedia.org/wikipedia/commons/thumb/7/72/CSIRO_ScienceImage_2936_Nokia_mobile_phone.jpg/200px-CSIRO_ScienceImage_2936_Nokia_mobile_phone.jpg",https://www.youtube.com/watch?v=HsNnZZRkp0g,"https://www.gsmarena.com/nokia_5110-7.php (Nokia 5110 Specs), https://www.mobilephonehistory.co.uk/nokia/nokia_5110.php (Nokia 5510 History)","Interaction, Education, Entertainment",N,single-player,site-specific,Mobile,Cell Phone,,rlglove2@ncsu.edu
Snake II,2000,Nokia,,,,"A sequel to the 1997 game Snake, in Snake II on the Nokia 3310, the graphics were touched up and proper bonuses were added, as well as the ability to move off screen.","https://static.theprint.in/wp-content/uploads/2020/07/brandma-snake-game-696x392.jpg, https://helpfulsheep.com/toys/snake.png, https://i.gadgets360cdn.com/large/nokia_3310_blue_1487166330864.jpg",https://www.youtube.com/watch?v=cJkMw_htaD0,"https://www.absolutegeeks.com/article/featured/snake-ii-and-the-nokia-3310/ (“Snake II” and the Nokia 3310), https://theprint.in/features/nokias-snake-the-mobile-game-that-became-an-entire-generations-obsession/462873/ (Nokia’s Snake, the mobile game that became an entire generation’s obsession)",Entertainment,N,single-player,site-specific,Mobile,Cell Phone,,ejstanle@ncsu.edu
Soccer,1979,Entex,"Compton, CA",USA,,Soccer is a handheld/tabletop soccer simulation game developed by Entex. Players would play against one another or against a computer. Controls included arrow keys and a kick button. Red lights would indicate player movement while avoiding the lights of the opposing team. The console has two sets of controls on each side and is separated by a green soccer pitch with lights on it.,"https://www.handheldmuseum.com/Entex/Entex-Soccer.jpg, https://thumbs.worthpoint.com/zoom/images4/1/0420/23/vintage-1979-entex-electronic-hand_1_6110e415f37609ffd32bee7e9601a6b5.jpg",https://www.youtube.com/watch?v=kBB9uw3CqTo,,Entertainment,N,multiplayer,site-specific,Handheld,Game Console,,rlglove2@ncsu.edu
Sonic Rush,2005,Sonic Team,Tokyo,Japan,,"Sonic Rush is a 2D platforming game for the Nintendo DS in the popular Sonic The Hedgehog series. Players traverse through levels as Sonic or the newly introduced Blaze the Cat, and collect rings and defeat enemies as quickly as possible. Rings act as a player's health and score, if the player runs out of rings they must restart at a recent checkpoint or restart the level. The plot revolves around Sonic and Blaze's quest to retrieve stolen emeralds from their respective dimensions, before their dimensions collide together. Gameplay would utilize the DS's dual screens for everything except boss fights, which were on the top screen in 3D. Sonic Rush was the first game in the Sonic series for the Nintendo DS. A 2-player mode is available, where players can race to the end of a stage as Sonic and Blaze.","https://upload.wikimedia.org/wikipedia/en/thumb/5/50/Sonic_Rush_Coverart.png/220px-Sonic_Rush_Coverart.png, https://upload.wikimedia.org/wikipedia/en/thumb/5/5a/SonicRushBlaze.JPG/200px-SonicRushBlaze.JPG, https://upload.wikimedia.org/wikipedia/en/thumb/f/fc/SonicRushBoss.JPG/202px-SonicRushBoss.JPG",https://www.youtube.com/watch?v=HI0v535mVUI,,Entertainment,N,multiplayer,site-specific,Mobile,"Game Cartridge, Game Console",,rlglove2@ncsu.edu
Sonic Spinball,1994,Tiger Electronics,"Vernon hills, IL",USA,,"Sonic Spinball is a handheld port of the Sonic Spinball game for the Sega Genesis developed by Tiger Electronics. Spinball is basically pinball, but featuring elements of the Sonic franchise; for example the ball is Sonic spinning instead of an actual pinball. The handheld has two flipper buttons to control the paddles in the game and four control buttons like volume and power. The level featured on the Tiger handheld is similar to the Machine level that appears in the Genesis version.","https://www.handheldmuseum.com/Tiger/Tiger-SonicSpinball.jpg, https://i.ytimg.com/vi/jA4jB5Wb8Nw/mqdefault.jpg","https://www.youtube.com/watch?v=RoN9PrzGbAU, https://www.youtube.com/watch?v=VQcX8XuLMQI",http://info.sonicretro.org/Sonic_Spinball_(LCD_game) (Sonic Retro: Sonic Spinball),Entertainment,N,multiplayer,site-specific,Handheld,Game Console,,logan.donner.brown@gmail.com
Sonic the Hedgehog 2,1993,Tiger Electronics,"Vernon Hills, IL",USA,,"Sonic the Hedgehog 2 is a handheld electronic game by Tiger Electronics featuring a simple port of Sonic the Hedgehog 2, using the original's Oil Ocean Zone as the background. Gameplay involves controlling Sonic while beating bosses and dodging obstacles. The handheld has a D-pad for movement, a large action button, and 4 system control buttons.","https://media.karousell.com/media/photos/products/2021/6/6/tiger_sonic_the_hedgehog_2_han_1622985511_7373597d_progressive.jpg, https://media.karousell.com/media/photos/products/2020/02/05/vintage_sonic_the_hedgehog_2_handheld_game_1580876809_f86d12f6_progressive.jpg, https://sonicthehedgehogcollectibles.weebly.com/uploads/2/6/9/9/26990180/8dcdb8c4-0acb-4647-b43b-5d98779f25f3_orig.jpeg",https://www.youtube.com/watch?v=Q2nSgaVwQOw,http://info.sonicretro.org/Sonic_the_Hedgehog_2_(LCD_game) (Sonic Retro: Sonic the Hedgehog 2),Entertainment,N,multiplayer,site-specific,Handheld,Game Console,,logan.donner.brown@gmail.com
Space Cobra,1982,Popy Electronics,,Japan,,Space Cobra is a handheld game console with two LCD screens side by side. The game is based on a popular Japanese anime. The game console could fold out to form a triangle. The game features two different styles of gameplay played simultaneously across the two screens. Gameplay on the left screen has players shooting spaceships from a first-person point of view. Gameplay on the right screen has players shooting spaceships from a horizontal 2D side scrolling perspective akin to popular shoot-em-up games like Gradius. The console also included an alarm.,"https://i.ytimg.com/vi/xxmc-cxRRns/maxresdefault.jpg, https://www.handheldmuseum.com/Popy/Popy-Professional.jpg, https://encrypted-tbn0.gstatic.com/images?q=tbn:ANd9GcSEUlpSV1NOMso_lIpt5CslFIccJnip51mhTg&usqp=CAU","https://www.youtube.com/watch?v=FHOUFBC4n5U, https://www.youtube.com/watch?v=8BiZ9JsMxa4",https://www.retrogames.co.uk/022201/Handheld/Space-Cobra-Professional-by-Popy (Retro Games UK: Space Cobra),Entertainment,N,single-player,site-specific,Handheld,Game Console,,jjfennim@ncsu.edu
StarTAC,1996,Motorola,Chicago,USA,https://www.motorola.com/us/?ds_rl=1242193&ds_rl=1242196&gclid=Cj0KCQjwwNWKBhDAARIsAJ8HkheLdd5jQb-Wu-qcv2kynkWC-J_zckscJh477dDcMpAa027k1IsSG94aAkK1EALw_wcB&gclsrc=aw.ds,"The very first clamshell flip phone released in 1996 by Motorola. Lightweight, wearable with a belt holster, and with new vibration alerts, it was the first widely accessible cellphone. The starting cost was around $1000. The small size of the StarTAC meant minimal battery life, unless a second battery was attached to the back.","https://cdn.chass.ncsu.edu/sites/mglab.chass.ncsu.edu/IMG_3121.JPG, https://miro.medium.com/max/2800/0*RM-7WGkLg4zzUxPl.jpeg, http://i.ebayimg.com/00/s/MzY1WDQ5OQ==/z/WZIAAOxy7nNTVl5h/$_3.JPG?set_id=2, https://miro.medium.com/max/1016/0*QJXr92M5kJw2oksp.jpeg","https://www.youtube.com/watch?v=OCM3CyJeXsw, https://www.youtube.com/watch?v=1ofDvSLeyvc","https://www.thehenryford.org/collections-and-research/digital-collections/artifact/182871/ (StarTAC Flip Phone, 1996), https://web.archive.org/web/20070322084927/http://www.findarticles.com/p/articles/mi_qn4196/is_19960104/ai_n10237671 (The smallest cell phone), https://medium.com/people-gadgets/the-gadget-we-miss-the-motorola-startac-9bc12db9eedb (The Gadget We Miss: The Motorola StarTAC)","Interaction, Entertainment, Education",N,multiplayer,site-specific,Mobile,Cell Phone,"SMS, Voice, Voicemail",ejstanle@ncsu.edu
Stargate,1982,Entex,"Compton, CA",USA,,"Stargate is an electronic handheld/tabletop developed by Entex and is the sequel to Defender. Controls include a joystick, a reverse button, thrust, smart bomb, fire, and inviso (which is for invisibility.) Gameplay involves controlling a spaceship and firing at attackers, while dodging oncoming attacks. The console is blue and white, with a yellow and red graphic displaying the logo at the top of the screen. Stargate was popular at the time of release, but was considered expensive, due to its over $40 price tag.","http://www.electronicplastic.com/_images/450/entex/Stargate-front.jpg, https://www.handheldmuseum.com/Entex/Entex-Stargate.jpg, https://i.pinimg.com/736x/74/a4/d4/74a4d49a9f6728bb9eb19e24a3d7f0a4--stargate-pixel.jpg",https://www.youtube.com/watch?v=jcvbYcE5Phs,,Entertainment,N,single-player,site-specific,Handheld,Game Console,,rlglove2@ncsu.edu
Sticky Balls,2005,Gizmondo Studios,Manchester,UK,,"Sticky Balls is the best selling game for the Gizmondo which features pool-like interface where the player utilizes a spring-loaded rod to shoot brightly colored balls at each other. Levels would be puzzles with the player combining the same color balls together. As players progress, new stages and powerups become available.","https://upload.wikimedia.org/wikipedia/en/thumb/e/ee/Sticky_Balls.jpg/220px-Sticky_Balls.jpg, https://upload.wikimedia.org/wikipedia/en/thumb/2/23/Sticky_Balls_screenshot.jpg/220px-Sticky_Balls_screenshot.jpg, https://pbs.twimg.com/media/ES9RFupU0AAPiVF?format=jpg&name=large","https://www.youtube.com/watch?v=oGYvCrDAVyY, https://www.youtube.com/watch?v=dZKyoH6sy6Y",https://www.retrogamesreview.co.uk/2018/04/sticky-balls-gizmondo-review.html (Retro Game Reviews: Sticky Balls),Entertainment,N,single-player,site-specific,Mobile,Game Console,,anbaker8@ncsu.edu
Sub Attack,1982,BANDAI NAMCO,,Japan,,"Handheld game in Bandai's LCD Solar Power series. This game is also known as Sub Patrol and U-Boat, a game in which the player must destroy floating ships while underwater in a submarine/U-Boat.","https://www.handheldmuseum.com/Bandai/Bandai-UBoatLCDBox.jpg, http://electronicplastic.com/_images/450/bandai/_box/SubAttack-front.jpg, http://www.electronicplastic.com/_images/450/bandai/SubAttack.jpg",https://www.youtube.com/watch?v=hIyc11GrThY,https://www.retrogames.co.uk/039703/Handheld/Sub-Attack-by-Bandai (Retro Games UK: Sub Attack),Entertainment,N,single-player,site-specific,Mobile,Game Console,,rlglove2@ncsu.edu
Supafly,2003,It's Alive Mobile Gaming,,Sweden,,"Supafly sets up a world where players either rise or fall in standings based on how they zap each other with short messages (SMS), sent from their cell phones. Players can dress their characters with clothes and accessories from advertisers in order to get a discount at retail stores that sell that merchandise. Users can also pay to become members of the Supafly Club or participate in special competitions. Besides chatting, players can also perform one of 30 ""actions"" with their cell phone's (SMS) messaging system, ranging from sending someone a ""love gift"" to whispering or shouting. However, players do have to pay for every message they send.",,,https://www.wired.com/2003/01/supafly-be-your-best-worst-self/ (Wired),Entertainment,N,multiplayer,site-specific,Mobile,Cell Phone,SMS,rlglove2@ncsu.edu
Super Cobra,1982,Entex,"Compton, CA",USA,,"Super Cobra is a tabletop electronic game developed by Entex, based off the arcade game of the same name. Gameplay involved flying a helicopter while dropping bombs on targets and avoiding obstacles. Players could shoot missiles or drop bombs, and use a joystick to control their position on the screen. Super Cobra was a scrolling game, with white, blue, and red pixels. A skill option was available and points were awarded for successful attacks.","https://upload.wikimedia.org/wikipedia/commons/6/68/Super_Cobra_by_Entex_Electronics%2C_Model_6085%2C_Made_In_Taiwan%2C_Copyright_1982_%28VFD_Electronic_Handheld_Game%29.jpg, https://i.ytimg.com/vi/KMG_mCDuCag/maxresdefault.jpg, https://www.picclickimg.com/d/l400/pict/144289149414_/Vintage-Entex-Super-Cobra-VFD-Electronic-Game.jpg",https://www.youtube.com/watch?v=KMG_mCDuCag,https://usermanual.wiki/Document/EntexSuperCobra.3228488002/html (PDF Entex Super Cobra Manual),Entertainment,N,single-player,site-specific,Handheld,Game Console,,rlglove2@ncsu.edu
Super Columns,1995,Sega,Tokyo,Japan,,"Super Columns is the sequel to Columns for the Sega Game Gear. Updated effects are present in the sequel, enhancing gameplay, like reversal and magic columns and lanterns that clear an entire row. A story mode is present in the game, allowing players to try to stop an evil merchant named Surhand.","https://i.ytimg.com/vi/71K-AmYRYd4/hqdefault.jpg, https://i.ebayimg.com/images/g/6jMAAOxySE9Q8SDB/s-l400.jpg, https://i5.walmartimages.com/asr/da64b8fe-3222-4d26-bf93-7dc2fed113a6.061b7a7f94eb2a02befa4028c8dc295c.jpeg?odnHeight=612&odnWidth=612&odnBg=FFFFFF",,,Entertainment,N,single-player,site-specific,Handheld,"Game Console, Game Cartridge",,rlglove2@ncsu.edu
Super Mario Bros 3 (Nelsonic),1990,"Nelsonic, Nintendo",,,,"LCD game watch, featuring a Mario game based off Super Mario Bros. 3. The watch allows for telling time and an alarm to be set.","https://i.pcmag.com/imagery/lineupitems/03AMVfgBRaUg3sLqEKBAekC.1569507784.fit_lim.size_800x440.jpg, https://i.ytimg.com/vi/OF8y03UCc3o/mqdefault.jpg, https://handheldmuseum.com/Nelsonic/Nelsonic-SuperMario3White.jpg, https://3.bp.blogspot.com/-dKFhAN4i0bI/WT2R-3_XuTI/AAAAAAAAR34/w5cGWdkDpV4B71t6jhwEn1OoYaa08hBnwCLcB","https://www.youtube.com/watch?v=HHZjoV9PKt0, https://www.youtube.com/watch?v=OF8y03UCc3o",https://www.pcmag.com/news/7-awesome-portable-electronic-games-of-the-1990s (7 Awesome Portable Electronic Games of the 1990s),Entertainment,N,multiplayer,site-specific,Mobile,Game Console,,ejstanle@ncsu.edu
Super Mario Bros Game & Watch,1988,Nintendo,Kyoto,Japan,,"A handheld gaming console by Nintendo in their Game & Watch franchise. The game consists of the player controlling Mario and platforming around a level to reach Princess Peach. The game lacks many of the regular features of the Mario franchise, besides some music and characters. Super Mario Bros was a square handheld in blue and white, with Mario printed on the left side. There are 8 levels and the handheld is powered off two cell batteries.","https://upload.wikimedia.org/wikipedia/commons/d/d5/Super_Mario_Bros._Game_%26_Watch_by_Nintendo%2C_Model_YM-105%2C_Made_In_Japan%2C_Copyright_1988_%28Handheld_Electronic_Game%29.jpg, https://static.wikia.nocookie.net/nintendo/images/0/04/SMB_G%26W.jpg/revision/latest?cb=20100723001557&path-prefix=en, https://live.staticflickr.com/3648/3702605773_f459066a7f_b.jpg","https://www.youtube.com/watch?v=arsXiTHt8cU, https://www.youtube.com/watch?v=FwKBAWF6utY","http://www.intheattic.co.uk/images/G&W/Review/SMB/SMB_YM-105_Page8-9.jpg (Super Mario Bros Game & Watch Manuel Page), http://www.intheattic.co.uk/super_mario_bros_1.htm (In the Attic: Super Mario Bros Game & Watch)",Entertainment,N,single-player,site-specific,Mobile,Game Console,,ejstanle@ncsu.edu
Super Mario Land,1989,Nintendo,Kyoto,Japan,https://www.nintendo.com/games/detail/super-mario-land-3ds/,Super Mario Land is a side scrolling 2D platformer developed by Nintendo for the Game Boy. It was the first Super Mario game on a handheld console. The game features 2D side scrolling platforming gameplay where players leap across platforms and stomp on enemies as Super Mario. Super Mario Land was rereleased on the 3DS E-Shop.,"https://www.denofgeek.com/wp-content/uploads/2018/01/super-mario-main-main.jpg?fit=1600%2C800, https://media.gamestop.com/i/gamestop/10131315/Super-Mario-Land---Game-Boy, https://encrypted-tbn0.gstatic.com/images?q=tbn:ANd9GcQiLiyheo8zUviR30_i5A2vYba5QQFn9XP2GA&usqp=CAU",https://www.youtube.com/watch?v=EV0qJd-phvQ,"https://www.denofgeek.com/games/super-mario-land-underrated-classic/ (Super Mario Land: The Brilliance of an Underrated Classic), https://www.ign.com/articles/2011/06/16/super-mario-land-review (IGN: Super Mario Land Review), https://kotaku.com/super-mario-land-was-a-bit-heavy-on-the-stereo-1845044987 (Super Mario Land Was A Bit Heavy On The Stereo)",Entertainment,N,single-player,site-specific,Handheld,Game Console,,jjfennim@ncsu.edu
Super Mario World: Super Mario Advance 2,2001,Nintendo,Tokyo,Japan,,"Super Mario World: Super Mario Advance 2 is a remake of the original SNES Super Mario World by Nintendo. Core side scrolling gameplay, story, and power-ups remain the same as the original, but the game is now mainly single player. A remake of Mario Bros. is also added to the game, which can support up to 4 players. This was the second entry in a series of rereleased Mario games for the Game Boy Advance.","https://www.mobygames.com/images/covers/l/32291-super-mario-world-super-mario-advance-2-game-boy-advance-front-cover.jpg, https://media.gamestop.com/i/gamestop/10018403/Super-Mario-World-Super-Mario-Advance-2---Game-Boy-Advance",https://www.youtube.com/watch?v=-4mC3mKifus,https://www.nintendolife.com/reviews/wiiu-eshop/super_mario_advance_2_super_mario_world_gba (Super Mario Advance 2: Super Mario World Review),Entertainment,N,multiplayer,site-specific,Mobile,Game Console,,logan.donner.brown@gmail.com
Swordfish,2004,Blister Entertainment,Calgary,Canada,No active website for game currently exists,"Swordfish is a location-based fishing game where players use their java-enabled cellular phones to find and catch virtual fish. Swordfish uses A-GPS to find the user’s current location and that of the virtual fish. A player’s general movement in his or her local area will bring the player into the vicinity of the fish, and the player can then move to a particular location to try to catch the fish. The positions are all relative, in that they do not have to be in a particular city or area to play the game.","https://www.spacewar.com/images/phone-mobile-game-fishing-bg.jpg, https://www.awn.com/sites/default/files/styles/original/public/image/attached/2076-wireless07swordfish.jpg",,"https://www.spacewar.com/news/gps-05zzzq.html (Report, Space War (2005)), https://dl.acm.org/doi/abs/10.1145/1111293.1111302 (Rashid, O., Mullins, I., Coulton, P., & Edwards, R. (2006). Extending cyberspace: Location based games using cellular phones. Computers in Entertainment (CIE), 4(1), 4-es. doi:10.1145/1111293.1111302), https://www.igi-global.com/chapter/canada-mobile-commerce-under-construction/26616 (Taniar, D. (2008). Canada: Mobile commerce under construction. (pp. 1675-1689) IGI Global. doi:10.4018/978-1-60566-054-7.ch134), https://www.businesswire.com/news/home/20040928005058/en/Blister-Entertainment-Launches-North-Americas-GPS-Cell (Article, Business Wire (2004)), https://www.businesswire.com/news/home/20051025005094/en/Blister-Entertainment-Launches-Location-Based-GPS-Games-Sprint (Article, Business Wire (2005)), https://ieeexplore.ieee.org/abstract/document/4178153 (Schreiner, K. (2007). Where we at? mobile phones bring gps to the masses. IEEE Computer Graphics and Applications, 27(3), 6-11.)",Entertainment,N,single-player,site-specific,"Location-based, Pervasive","Cell Phone, GPS",GPS,
Tamagotchi,1996,BANDAI NAMCO,,Japan,https://tamagotchi.com/,"Handheld console with a monochrome screen, which requires users to care for a virtual pet using 3 buttons for input. Various colors and editions have been released, since the initial 1996 version.","https://cdn.chass.ncsu.edu/sites/mglab.chass.ncsu.edu/IMG_3131.JPG, https://helios-i.mashable.com/imagery/articles/01i2inLfyPi2YUiTjl4WP9J/hero-image.fill.size_1200x900.v1611617354.jpg",https://www.youtube.com/watch?v=tJE-5nIOXKI,"http://tinyletter.com/whoinvented/letters/who-invented-tamagotchi (Who invented? Tamagotchi), https://www.tamatalk.com/IB/topic/116745-tamagotchi-original-instruction-manuals/ (Tamagotchi Original Instruction Manuals), https://www.bandainamco.co.jp/cgi-bin/releases/index.cgi/file/view/5986?entry_id=5435 (20th Anniversary Tamagotchi)",Entertainment,N,single-player,site-specific,Handheld,Game Console,,rlglove2@ncsu.edu
Tekken 3 Real Fighter,1999,Epoch,,Japan,,"The Tekken Virtual Fighter is a small, palm size, fighting game that features ""four modes"" of game play, 3 inputs, and both sound and vibration output. The handheld is red and features a strap on the back, so players can attach it to their hands to feel the vibrations.",https://i.ebayimg.com/images/g/jP8AAOSw1mJlxCA8/s-l1600.jpg,https://www.youtube.com/watch?v=c5KtYma2ogw,,Entertainment,N,multiplayer,site-specific,Mobile,Game Console,,logan.donner.brown@gmail.com
Tetris,1984,Alexey Pajitnov,,,https://tetris.com/,"Tetris is a game requiring the player to match different shaped blocks together in order to delete rows, if you stack too many blocks up, you lose. Tetris is available to play in various forms and on almost every console. It is one of the best selling games of all time.","https://media.phillyvoice.com/media/images/Screen_Shot_2015-05-03_at_3.08.23_.2e16d0ba.fill-735x490.png, https://s3.amazonaws.com/tetris-www/assets/article/2017/07/27/tetris-5-things-fan_feature.jpg, https://upload.wikimedia.org/wikipedia/commons/thumb/9/9c/Typical_Tetris_Game.svg/1200px-Typical_Tetris_Game.svg.png","https://www.youtube.com/watch?v=QQ5U-rN7Veg, https://www.youtube.com/watch?v=_fQtxKmgJC8","https://www.livescience.com/56481-strange-history-of-tetris.html (The Bizarre History of 'Tetris'), https://www.ft.com/content/3c6d8cae-d22b-465d-982d-981c6477582f (Tetris — how a game of logic took over our minds), https://www.cbr.com/tetris-best-game-ever/ (10 Ways Tetris Is Still The Ultimate Video Game)",Entertainment,N,single-player,site-specific,Mobile,,,ejstanle@ncsu.edu
Tetris DS,2006,Nintendo,Kyoto,Japan,,"Tetris DS is a puzzle game developed for the Nintendo DS. The game had five different modes of play, each appearing like a ""retro"" version of another Nintendo game. Players could set levels and difficulties as well as play multiplayer locally or over the internet.","https://m.media-amazon.com/images/I/51bCZzC--qL.jpg, https://i.ytimg.com/vi/Hh6e-cXmNmE/hqdefault.jpg, https://upload.wikimedia.org/wikipedia/commons/thumb/0/03/Tetris_DS_home_screen.jpg/1200px-Tetris_DS_home_screen.jpg",https://www.youtube.com/watch?v=Hh6e-cXmNmE,https://www.ign.com/games/tetris-ds (IGN: Tetris DS),Entertainment,N,multiplayer,site-specific,Handheld,"Game Console, Game Cartridge",,rlglove2@ncsu.edu
The Beast (AI),2001,Microsoft,,USA,,"The Beast is an Alternate Reality game, which was developed by Microsoft in 2001. It was used to promote the Artificial Intelligence: AI film.",,,"http://usatoday30.usatoday.com/life/movies/2001-06-22-ai-plot.htm (The intricate plot behind 'A.I.' web mysterty), https://web.archive.org/web/20081211095140/http://www.cnn.com/SPECIALS/2001/coming.attractions/stories/aibuzz.html (Reality blurs, hype builds with Web A.I game), https://www.researchgate.net/publication/309172892_Squaring_the_Magic_Circle_A_Brief_Definition_and_History_of_Pervasive_Games (Squaring the (Magic) Circle), https://www.denofgeek.com/movies/steven-spielbergs-ai-its-groundbreaking-marketing-campaign/ (Steven Spielberg's A.I.: Its Groundbreaking Marketing Campaign), https://www.barnesandnoble.com/blog/sci-fi-fantasy/you-missed-your-chance-to-play-a-massive-internet-puzzle-game-about-a-i-murders/ (You Missed Your Chance to Play a Massive Internet Puzzle Game About A.I. Murders)",Entertainment,N,multiplayer,site-specific,Pervasive,Computer,"Internet, Voicemail",ejstanle@ncsu.edu
The Gang,1982,Takara,Tokyo,Japan,,"The Gang is a handheld game console developed by Takara. Players use the two action buttons to control their character. The system has a clock built in and the ability to link up to four consoles together to play multiplayer, using a cable","https://www.handheldmuseum.com/Takara/Takara-TheGangBoxBack.jpg, http://handheldempire.com/400x300/game_instance_images/1526_6746_1462045547319_Takara_The_Gang.jpg",,,Entertainment,N,multiplayer,site-specific,Handheld,"Game Console, Link Cable",Link Cable,rlglove2@ncsu.edu
The Journey,2004,Andreas Jakl,Vienna,Austria,no active website,"The Journey is a game developed for phones using the Symbian platform. Gameplay involves the player taking on the role of detective and navigating through a(ny) city to interact with characters to uncover the game's mystery. The game's narrative is fixed, and the player's actions do not shape the outcome of the game. However, the character must move and return to places they have visited before in order for the narrative to progress. The player's location is tracked and stored in the game, which is how the game recognizes that the player has returned to a previous location. Nevertheless, there is no pre-determined significance attached to places, thus allowing the game to be played anywhere, in any city.","https://i.pinimg.com/564x/f0/06/c9/f006c9554da1c208ebb0917234b9322e.jpg, http://static.freeware-symbian.com/data/programs/images/journeyMW.gif, http://static.freeware-symbian.com/data/programs/images/The-Journey-0_17288.gif",,"https://link.springer.com/chapter/10.1007/978-3-8348-9313-0_5 (Drab, S., Kroesche, J., Grün, C., & Jakl, A. (2007). Pushing Location Based Games Further—How To Gain End User Suitability.), http://www.freeware-symbian.com/nokia-3650-device-50/adventure-games-tag/the-journey-for-symbian-download-17288.html (The Journey for Symbian, FSymbian (2010)), http://journey.andreasjakl.com/paper/p01_contents.php (The Journey - The Paper), https://www.researchgate.net/publication/258127420_A_survey_on_pervasive_mobile_games (Valente L, Feijó B (2013) A survey on pervasive mobile games. Departamento de Informática, PUC-Rio, Rio de Janeiro)",Entertainment,N,single-player,site-specific,"Pervasive, Location-based","Cell Phone, GPS","GSM, GPS",
The Journey II,2007,"Andreas Jakl, Mopius",Vienna,Austria,No active website for game currently exists,"The Journey II is an attempt to introduce more narrative into an adventure game. Players solve mysteries by progressing through the story and going to actual physical locations as indicated by the story. Instead of changing the gameplay on the basis of the player’s location, the game builds a virtual game environment as soon as it realizes that the player has moved. For example, at the start of the game the player’s real home can be the office, and when asked to go to another location, such as a park, the player has to move in the real world. As soon as the game detects a change in Cell ID, it prompts the player that he or she has reached the new location (the park), which in reality could be any location in the physical world. This in turn creates a virtual world as the story unfolds and the player moves back and forth through the game world until the mystery is solved.","http://www.freegamearchive.com/public/reviews/images/1/1b/1b9/resized/2-the-journey-2.jpg, http://www.freegamearchive.com/public/reviews/images/1/1b/1b9/resized/3-the-journey-2.jpg, http://www.freegamearchive.com/public/reviews/images/1/1b/1b9/resized/4-the-journey-2.jpg",,"https://link.springer.com/chapter/10.1007/978-3-8348-9313-0_5 (Drab, S., Kroesche, J., Grün, C., & Jakl, A. (2007). Pushing Location Based Games Further—How To Gain End User Suitability.), https://dl.acm.org/doi/abs/10.1145/1111293.1111302 (Rashid, O., Mullins, I., Coulton, P., & Edwards, R. (2006). Extending cyberspace: Location based games using cellular phones. Computers in Entertainment (CIE), 4(1), 4-es. doi:10.1145/1111293.1111302)",Entertainment,N,single-player,site-specific,"Location-based, Pervasive",Cell Phone,GSM,
The Legend of Zelda: The Minish Cap,2004,"Capcom, Flagship",Osaka,Japan,,"The Legend of Zelda: The Minish Cap is an action adventure game for the Nintendo Game Boy Advance. Gameplay is similar to other Zelda games, where the player controls Link while he explores, solves puzzles, and defeats enemies. The gimmick of this game is links talking hat, the Minish Cap. It allows him to shrink and explore new areas, as he helps the Minish people defeat an ancient darkness.","https://static.wikia.nocookie.net/zelda_gamepedia_en/images/9/93/ZeldaMinishCap_BoxArt.jpg/revision/latest?cb=20100414213912, https://www.gamespot.com/a/uploads/original/gamespot/images/2005/010/reviews/632077-920670_20050111_002.jpg, https://static0.gamerantimages.com/wordpress/wp-content/uploads/2022/01/The-Legend-of-Zelda-The-Minish-Cap-Remake.jpg","https://www.youtube.com/watch?v=UfEMNbjLd3Y, https://www.youtube.com/watch?v=cSIDghMWVMA","https://www.gamespot.com/reviews/the-legend-of-zelda-the-minish-cap-review/1900-6116162/ (The Legend of Zelda: The Minish Cap Review), https://gamerant.com/legend-of-zelda-minish-cap-remake-potential-art-combat-expanded-dungeons/ (The Legend of Zelda: The Minish Cap is the Perfect Choice for a New Remake)","Entertainment, Interaction",N,single-player,site-specific,Handheld,"Game Cartridge, Game Console",,rlglove2@ncsu.edu
The Little Mermaid,1990,Tiger Electronics,"Vernon Hills, IL",United States,https://hasbrogaming.hasbro.com/en-us/product/tiger-electronics-disney-s-the-little-mermaid-electronic-lcd-video-game:89B14C5F-D54B-4707-8B26-4861B4641C6A,"The Little Mermaid is part of a series of handheld games released by Tiger Electronics in the 1990s featuring popular Disney movie characters -- and with simplified input for children. Players must control Ariel as she collects debris from the ocean while avoiding enemies and obstacles. Players earn points for their actions, and eventually get Ariel to meet with Eric, the love interest from the film.","https://i.ytimg.com/vi/KtHZawyKivc/maxresdefault.jpg, https://cdn.shopify.com/s/files/1/1764/3741/products/Background_1_73_1bc00e09-e799-4b4d-aa52-e356580f6ca9.jpg?v=1606204595, https://i.pinimg.com/originals/7d/02/40/7d0240f5ebd6215748af552f6553c92f.jpg",https://www.youtube.com/watch?v=0sGdaQa3drY,https://artsandculture.google.com/asset/handheld-video-game-disney-s-the-little-mermaid-handheld-tiger-electronics/nwHtToqpu3xitQ?hl=en (The Strong  National Museum of Play: The Little Mermaid),Entertainment,N,single-player,site-specific,Mobile,Game Console,,rlglove2@ncsu.edu
The Shroud,2008,Your World Games,Grand Bahamas,The Bahamas,,"The Shroud follows protagonist Taro during his adventures to protect his home from ""the Shroud."" The game begins on a farm, where players do tasks to help Taro accumulate funds, which are used to battle the Shroud and close Breach portals. The game can be played with or without GPS technology but, when in use, the GPS (with the Helio network) functions to show Breaches based on placement in the real world. Players can also connect to other players through the IFL (International Farmers League) to compete in challenges.",,https://www.ign.com/videos/2006/01/23/the-shroud-wireless-game-gameplay,"https://www.pocketgamer.com/articles/008060/the-shroud-gps-features-uncovered-in-the-us/ (The Shroud GPS features uncovered in the US), https://www.gamesindustry.biz/articles/your-world-games-unveils-gps-and-competitive-gaming-functions-of-upcoming-mobile-title-the-shroud ('Your World Games' Unveils GPS And Competitive Gaming Functions Of Upcoming Mobile Title ""The Shroud""), https://www.pocketgamer.com/articles/007432/the-shroud-mobile-game-finally-comes-out/ (The Shroud mobile game finally comes out), https://www.ign.com/articles/2008/07/28/your-world-games-releases-the-shroud-on-the-helio-network (Your World Games Releases The Shroud on the Helio network)",Entertainment,N,single-player,site-specific,"Location-based, Mobile","Cell Phone, GPS","GPS, Internet",rlglove2@ncsu.edu
The Songs of North,2004,"MOGAME, University of Tempere",Tempere,Finland,,The Songs of North was a pervasive mobile game prototype developed by researchers at the University of Tempere in Finland. Players acted as a shaman with the ability to interact with the Spirit World through a drum. Events happened in the game based on the players location in the physical world. Players used the number keys on their mobile phone to activate the drum and participate in game events. The game encouraged collaboration with other players. The main functionality and tie to the real world was the use of sound as an indicator that an event was nearby. Players were expected to wear headphones or have the volume up on their phone to hear auditory cues. The developers intended for these cues to bring the game world and the real world closer together. There was no clear end goal to the game; only an indeterminant number of puzzles for the player to solve.,,,"https://fransmayra.fi/2016/07/16/note-on-pokemon-go-fantasy-of-collecting-and-exploring-urban-nature/ (Note on Pokémon Go: fantasy of collecting and exploring “urban nature”), https://www.researchgate.net/publication/221248129_A_case_study_in_pervasive_game_design (A Case Study in Pervasive Game Design: The Songs of North), https://trepo.tuni.fi/bitstream/handle/10024/79391/gradu03017.pdf?sequence=1&isAllowed=y (Data Gathering Methods for Evaluating Playability of Pervasive Mobile Games), http://libres.uncg.edu/ir/uncc/f/Powell_uncc_0694D_10364.pdf (A FRAMEWORK FOR THE DESIGN AND ANALYSIS OF SOCIALLY PERVASIVE GAMES)","Interaction, Entertainment",N,multiplayer,site-specific,"Pervasive, Hybrid Reality","PDA, Cell Phone, GPS","SMS, Voice, GPS",jjfennim@ncsu.edu
Tiger Lights Out,1995,Tiger Electronics,,,,"An electronic puzzle game featuring a 5x5 grid of lights. The object of the game is to turn all the lights off, with as few button presses as possible. Patterns were randomly generated and various editions of the console exist, such as a colored version and a larger 6x6 version.","http://www.gamesetwatch.com/hasbro-thumb.jpg, https://www.jaapsch.net/puzzles/images/lightout.jpg, https://i.ytimg.com/vi/6ph4b-8GpXE/hqdefault.jpg, https://i.ebayimg.com/images/g/1-QAAOSw8gdeTpZv/s-l640.jpg",https://www.youtube.com/watch?v=bkr_npwf2JU,"https://www.pcmag.com/news/7-awesome-portable-electronic-games-of-the-1990s (PC Magazine Article), https://web.archive.org/web/20100704161251/http://www.haar.clara.co.uk/Lights/solving.html (Solving Lights Out), https://www.jaapsch.net/puzzles/lights.htm (Lights Out Models and Features), http://www.gamesetwatch.com/2007/01/column_beyond_tetris_lights_ou_1.php (Beyond Tetris - Lights Out)",Entertainment,N,single-player,site-specific,Handheld,Game Console,,jjfennim@ncsu.edu
Tiger Woods PGA Tour 2004,2004,"EA Sports, Backbone Emeryville",,USA,https://tiger-woods-pga-tour.fandom.com/wiki/Tiger_Woods_PGA_Tour_2004,"Animated game, which allows players to select character type and play 19 holes of golf at various PGA locations. The game also came out on the Nintendo GameCube, Playstation 2, Windows, Game Boy Advance, and the original Xbox. PGA Tour 2004 got positive reviews, and was praised as being more of an emulation than a simulation.","https://cdn.chass.ncsu.edu/sites/mglab.chass.ncsu.edu/tiger.JPG, https://i.ytimg.com/vi/kkO6oVXX_3E/maxresdefault.jpg, https://www.retroplace.com/pics/ngage/ingames/67882--tiger-woods-pga-tour-2004.png",https://www.youtube.com/watch?v=jivKaDSfPa8,"https://www.mobygames.com/game/ngage/tiger-woods-pga-tour-2004_ (Tiger Woods PGA Tour 2004 (N-Gage)), https://web.archive.org/web/20141116032512/http://www.allgame.com/game.php?id=43397&tab=review (allgame Review)",Entertainment,N,multiplayer,site-specific,Mobile,Game Console,,ejstanle@ncsu.edu
Time & Fun Deputy Den,1982,Vtech,Tai Po,Hong Kong,,"A handheld game console featuring the game Deputy Den. The console has 3 LCD screens and took 2 LR43 batteries. Gameplay involves shooting and punching outlaws, while traversing three screens. Score was kept by the 10s and players would earn points for defeating outlaws.","https://upload.wikimedia.org/wikipedia/commons/thumb/5/5c/VTech_Tri-Screen_Time_%26_Fun_Deputy_Den.png/640px-VTech_Tri-Screen_Time_%26_Fun_Deputy_Den.png, http://handheldempire.com/400x300/game_images/2057_1216239448706_V_Tech_Deputy_Den.jpeg, http://handheldempire.com/400x300/game_instance_images/2057_1051_1273334836028_V_Tech_Deputy_Den.jpg",https://www.youtube.com/watch?v=efNuGWllrmE,http://handheldempire.com/game.jsp?game=2057 (Handheld Empire: Deputy Den),Entertainment,N,single-player,site-specific,Mobile,Game Console,,rlglove2@ncsu.edu
Time & Fun Diamond Hunt,1982,Vtech,Tai Po,Hong Kong,,"A handheld game console with 3 LCD screens. In Diamond Hunt, players avoid obstacles, swing from vines, and dodge attacks from animals in order to find a diamond. Gameplay spanned across all three screens. The very top screen would fold over the middle one to cover and protect it, as well as make it more portable.","https://upload.wikimedia.org/wikipedia/commons/thumb/e/e0/VTech_Tri-Screen_Time_%26_Fun_Diamond_Hunt.png/1200px-VTech_Tri-Screen_Time_%26_Fun_Diamond_Hunt.png, https://i.ytimg.com/vi/rDC8ZlBEhdI/sddefault.jpg",https://www.youtube.com/watch?v=rDC8ZlBEhdI,https://archive.org/details/manuals-handheld-games-Vtech-DiamondHunt (Handheld Game Manual: Diamond Hunt (Vtech)),Entertainment,N,single-player,site-specific,Handheld,Game Console,,jjfennim@ncsu.edu
TimeWarp,2008,"Rod McCall, Leif Oppermann",Cologne,Germany,,"TimeWarp is a mobile augmented reality game in which two players walk around the streets of Cologne, Germany. While exploring the city, players interact with the Heinzelmännchen of Cologne (little elves) in order to complete certain tasks. These Heinzelmännchen have disrupted the balance of the space-time continuum, so the goal of the game is to regain that stability","https://www.researchgate.net/profile/Wolfgang_Broll/publication/221270353/figure/fig3/AS:339737496834049@1458011139048/User-playing-the-TimeWarp-game-in-the-city-of-Cologne.png, https://i.ytimg.com/vi/WIhFEtlzpKs/hqdefault.jpg","https://www.youtube.com/watch?v=WjjHMqSGPpE&ab_channel=FITMARS, https://www.youtube.com/watch?v=WIhFEtlzpKs&ab_channel=FITMARS","https://www.fit.fraunhofer.de/content/dam/fit/de/documents/Final-Prototype-of-TimeWarp-application.pdf (Final Prototype of TimeWarp application), https://www.alphagalileo.org/en-gb/Item-Display/ItemId/63528?returnurl=https://www.alphagalileo.org/en-gb/Item-Display/ItemId/63528 (Fraunhofer FIT Invites People to ""Time Travel"" in Cologne)","Interaction, Entertainment",N,multiplayer,site-specific,Hybrid Reality,"GPS, Sensor","GPS, Bluetooth",rlglove2@ncsu.edu
Togepi's Great Adventure,2001,Jupiter Corporation,Kyoto,Japan,,"Togepi's Great Adventure is an adventure game for the Pokémon Mini handheld, that was only released in Japan. The plot of the game revolves around the Pokémon Togepi attempting to traverse down a tower, on top of which the Togepi was stranded. Controls are momentum based, as players use the D-Pad to help Togepi move around obstacles and other Pokémon in order to get through stages.","https://archives.bulbagarden.net/media/upload/thumb/8/8a/Togepi_Great_Adventure_JP_boxart.png/190px-Togepi_Great_Adventure_JP_boxart.png, https://www.serebii.net/mini/togepisgreatadventure/toweroforigin/area20.png, https://www.serebii.net/mini/togepisgreatadventure/towerofadventure/area21.png",https://www.youtube.com/watch?v=x0Hh8xAL2Cc,,Entertainment,N,single-player,site-specific,Handheld,Game Cartridge,,rlglove2@ncsu.edu
Tom & Jerry Prank,1983,Gakken,Tokyo,Japan,,"Tom & Jerry Prank is a handheld LCD game developed by Gakken based off the show of the same name. Players would control Jerry (the mouse), while platforming and avoiding hazards thrown at him by Tom (the cat.) This game is also known as popper and pinball in various parts around the world. The console of Prank, the US edition, was yellow and has art of Jerry on the left and Tom on the right.","http://handheldempire.com/400x300/game_images/862_1216580702422_Gakken_Tom___Jerry_Prank.jpeg, http://handheldempire.com/400x300/game_images/862_1394957882594_Gakken_Tom___Jerry_Prank.jpg, http://handheldempire.com/400x300/game_instance_images/862_861_1434293282575_Gakken_Tom___Jerry_Prank.jpg",https://www.youtube.com/watch?v=qoDcQ1TELqU,,Entertainment,N,single-player,site-specific,Handheld,Game Console,,rlglove2@ncsu.edu
Tomy Blip,1977,Tomy,,,,"The Blip is a two player electro-mechanical game, featuring an LCD screen. The console features a game similar, in nature, to Pong. It can be single player or two player.","https://upload.wikimedia.org/wikipedia/commons/2/20/Tomy-Blip.jpg, https://assets.fontsinuse.com/static/use-media-items/35/34305/upto-700xauto/56701b51/Tomy-BlipBox.jpeg, https://i.imgur.com/gZaCrkx.jpg",https://www.youtube.com/watch?v=f4cfPU2c1dk,"http://pongmuseum.com/collection/tomy-blip.php (Pong Museum: Tomy Blip), https://flashbak.com/take-it-anywhere-remembering-blip-the-digital-game-tomy-1977-365508/ (Take it Anywhere: Remembering Blip, The Digital Game (Tomy, 1977)), https://www.handheldmuseum.com/Tomy/Blip.htm (Handheld Museum: Tomy Blip)",Entertainment,N,single-player,site-specific,Mobile,Game Console,,rlglove2@ncsu.edu
Tomytronic 3D Planet Zeon,1983,Tomy,Tokyo,Japan,,"Tomytronic 3D Planet Zeon was a game in the Tomyronic 3D mobile gaming series. The console looks like a pair of binoculars, and players had to lift the binoculars to their eyes to play the game. The console includes two LCD panels on top of one another in order to allow for the 3D effect, a neck strap and a window to light the screens. Players would look into the screens through an eyepiece. The player would control a spacecraft while dodging walls and shooting enemy ships. Every hit would add 10 points to the score.",https://pbs.twimg.com/media/Dduz-B0V4AAqMYB?format=jpg&name=4096x4096,https://www.youtube.com/watch?v=BDhq8pC77QM,"https://www.retrogames.co.uk/033808/Handheld/Tomytronic-3D-Planet-Zeon-by-Tomy (Retro Games UK: Shark Attack), https://modojo.com/article/1172/retromo_the_tomytronic_titles (RetroMo: The TomyTronic Titles)",Entertainment,N,single-player,site-specific,Mobile,Game Console,,rlglove2@ncsu.edu
Tomytronic 3D Shark Attack,1983,Tomy,Tokyo,Japan,,"Tomytronic 3D Shark Attack is a game 3-D racing game in the Tomyronic 3D mobile gaming series. The console looks like a pair of binoculars, and players had to lift the binoculars to their eyes to play the game. The console includes two LCD panels on top of one another in order to allow for the 3D effect, a neck strap and a window to light the screens. Players can look into the screens through an eyepiece. In this game the player controls a diver with a harpoon gun and shoots at attacking sharks.","https://www.handheldmuseum.com/Tomy/Tomy-3DSharkAttackBox.jpg, https://www.nightfallcrew.com/wp-content/gallery/tomytronic-shark-attack-3d/img_2648.jpg?b990c8, https://pbs.twimg.com/media/Dp81oatWsAAFICh.jpg, http://images.eurogamer.net/modojo.com/features/95/SharkAttack.jpg",https://www.youtube.com/watch?v=PqYI35fWdaQ,"https://artsandculture.google.com/asset/handheld-video-game-tomytronic-shark-attack-3-d-tomy/TwFKZyeRvVfu-g?hl=en (Google Arts & Culture: Tomyronic 3D Shark Attack), https://modojo.com/article/1172/retromo_the_tomytronic_titles (RetroMo: The TomyTronic Titles)",Entertainment,N,single-player,site-specific,Mobile,Game Console,,rlglove2@ncsu.edu
Tomytronic 3D Sky Attack,1983,Tomy,Tokyo,Japan,,"Tomytronic 3D Sky Attack is a game 3-D  in the Tomyronic 3D mobile gaming series. The console looks like a pair of binoculars, and players had to lift the binoculars to their eyes to play the game. The console includes two LCD panels on top of one another (to allow for the 3D effect), a neck strap and a window to light the screens. Players control a tank while shooting down flying vehicles to earn points. The game progressively speeds up as the player advances. The game is an example of early attempts at VR in the 1980s","https://www.handheldmuseum.com/Tomy/Tomy-3DSkyAttackDisplay.jpg, https://www.retrogames.co.uk/large.cgi?image=042283_a.jpg&ref=042283&save=","https://www.youtube.com/watch?v=XdCzBuqI7ak, https://www.youtube.com/watch?v=zWFXWrzMc64","http://www.retrocastaway.com/retro-gaming/electric-dreams-tomytronics-3d-sky-attack/ (Electric Dreams, Tomytronic’s 3D Sky Attack)",Entertainment,N,single-player,site-specific,Mobile,Game Console,,rlglove2@ncsu.edu
Tomytronic 3D Thundering Turbo,1983,Tomy,Tokyo,Japan,,"Tomytronic 3D Thundering Turbo is a 3-D racing game in the Tomyronic 3D mobile gaming series. The console was designed like a pair of binoculars and, to play the game, players had to lift the console to their eyes. The console included two LCD panels on top of one another (in order to allow for the 3D effect), a neck strap and a window to light the screens.  Players had to control an accelerating race-car while avoiding laser beams from overhead. This game is an example of early attempts at VR in the 1980s",https://upload.wikimedia.org/wikipedia/commons/6/66/Tomytronic_3-D_Thundering_Turbo_by_Tomy%2C_No._7617%2C_Made_In_Japan%2C_Circa_1983_%283-D_Electronic_Handheld_Game%29_stereo_viewer.jpg,https://www.youtube.com/watch?v=7u8luKgrevk,https://gamesyouloved.com/game-genre/handheld-electronic/thundering-turbo-tomy/ (Games You Loved: Thundering Turbo),Entertainment,N,single-player,site-specific,Mobile,Game Console,,rlglove2@ncsu.edu
Tony Hawk's Pro Skater,2003,Neversoft Entertainment,,USA & Europe,https://tonyhawkgames.fandom.com/wiki/Tony_Hawk%27s_Pro_Skater,"Bundled with the N-Gage Game Deck, this game allowed for this popular skateboarding series to enter into the mobile market. The controls of the main series stay true, and Bluetooth multiplayer is a feature as well. This game also came out on the Nintendo 64, PlayStation, Game Boy, Dreamcast, and Game Boy Color. Gameplay involved 3D environments while performing tricks, allowing the player to earn points, compete against friends and set records.","https://www.adeevee.com/aimages/200307/08/nokia-ngage-mobile-game-deck-tony-hawk-online-106381-adeevee.jpg, https://cdn.chass.ncsu.edu/sites/mglab.chass.ncsu.edu/unleashed.JPG, https://m.media-amazon.com/images/I/31RzzCUq4GL.jpg",https://www.youtube.com/watch?v=SE842Pa4_BM,"https://gamefaqs.gamespot.com/ngage/918292-tony-hawks-pro-skater (Tony Hawk's Pro Skater GameFAQs), https://www.mobygames.com/game/ngage/tony-hawks-pro-skater (Tony Hawk's Pro Skater (N-Gage)), https://www.animationmagazine.net/gaming/nokia-delivers-n-gage-qd-game-deck/ (Nokia Delivers N-Gage QD Game Deck)","Entertainment, Interaction",N,multiplayer,site-specific,Mobile,Game Console,Bluetooth,ejstanle@ncsu.edu
Tracking Agama,2004,USC Interactive Media Division,Los Angeles,United States,https://cinema.usc.edu/interactive/research/trackingagama.cfm (Tracking Agama),"Tracking Agama is played with a cell phone, using downtown Los Angeles as the game board. Players’ ultimate goal is to find the fictitious character Agama by exploring clues hidden in the city landscape. The online blog is the starting point of the game, where players can learn about Agama’s story and get the first tip on where to start the game in the city. From there, players collect clues  and codes physically embedded in city landmarks. The clues and codes are either sent via SMS or used as a passcode to unlock Agama's voicemail system. Doing so gives the player information and directions to the next location.","https://images.squarespace-cdn.com/content/v1/4ffd2c12c4aaa80db37c7c58/1342470472803-6TO4NKASZWDTKJTC4F2X/ke17ZwdGBToddI8pDm48kIPNGAqWrNotBRf6wN8EoZB7gQa3H78H3Y0txjaiv_0fDoOvxcdMmMKkDsyUqMSsMWxHk725yiiHCCLfrh8O1z5QPOohDIaIeljMHgDF5CVlOqpeNLcJ80NK65_fV7S1UZ1VpZ7CZpvYZN4Ca-gTuFO_SiNMzLBx7toIiVWRmMLlCNkYi3h6agDEBjO4uflXdQ/Lizard_Map_%28rev_01%29.jpg?format=750w, https://cinema.usc.edu/images/interactive/tracking_agama_1.jpg, https://cinema.usc.edu/images/interactive/tracking_agama_3.jpg",,"https://cinema.usc.edu/interactive/research/trackingagama.cfm (Game Description), https://www.jstor.org/stable/10.5250/storyworlds.2.1.101 (Ruston, S. W. (2010). Storyworlds on the move: Mobile media and their implications for narrative. Storyworlds, 2(1), 101-120. doi:10.1353/stw.0.0001), https://journals.sagepub.com/doi/abs/10.1177/1555412006290443 (de Souza e Silva, A., & Delacruz, G. C. (2006). Hybrid Reality Games Reframed: Potential Uses in Educational Contexts. Games and Culture, 1(3), 231–251. https://doi.org/10.1177/1555412006290443), https://www.igi-global.com/article/location-based-mobile-storytelling/2936 (Stein, J., Ruston, S., & Fisher, S. S. (2009). Location-Based Mobile Storytelling. International Journal of Technology and Human Interaction, 5(1), 41-50.), http://www.spatialactive.com/#item=tracking-agama-2004 (Report, Spatial Active (2004))",Entertainment,N,single-player,site-specific,"Location-based, Pervasive, Urban","Cell Phone, Computer",3G,
Trojan Horse,1981,Gakken,Tokyo,Japan,,"Trojan Horse is a portable LCD game developed by Gakken. The console is small and silver with a green outline around the settings buttons and screen. Two control buttons were present: the one on the left defended a window, and the one on the right dropped a drawbridge. Players had to use these buttons to allow the correct soldiers into a fortress.","http://handheldempire.com/400x300/game_images/805_1216324844674_Gakken_Trojan_Horse___Cheval_de_Troie.jpeg, http://handheldempire.com/400x300/game_images/805_1258039677488_Gakken_Trojan_Horse___Cheval_de_Troie.jpg, https://i.ytimg.com/vi/jLlK8mgdOcc/maxresdefault.jpg",https://www.youtube.com/watch?v=jLlK8mgdOcc,,Entertainment,N,single-player,site-specific,Handheld,Game Console,,rlglove2@ncsu.edu
Turbo Drive,1983,Casio,,Japan,,Handheld calculator with an LCD screen which also has a racing game. The calculator had four buttons on the bottom to for control of the car. Turbo drive was on the MG-200 calculator model and the game was also known as La Poursuite.,"http://electronicplastic.com/_images/450/casio/_box/TurboDrive.jpg, https://i.pinimg.com/736x/45/0a/25/450a25b315707e764fbf970200bb1b8e--race-games-vintage-toys.jpg, https://i.ytimg.com/vi/SMryfO_JAd0/mqdefault.jpg","https://www.youtube.com/watch?v=SMryfO_JAd0, https://www.youtube.com/watch?v=TmykdFTd0qY","https://www.retrogames.co.uk/003230/Handheld/Casio-MG200-Turbo-Drive (Retro Games Turbo Drive), http://handheldempire.com/game.jsp?game=522 (Turbo Drive - La Poursuite)","Entertainment, Education",N,multiplayer,site-specific,Mobile,Game Console,,ejstanle@ncsu.edu
TurboExpress,1990,NEC Home Electronics,,United States,,"The TurboExpress released in late 1990 in Japan and in the United States, it was released as the TurboExpress Handheld Entertainment System. It is a portable version of the TurboGrafx-16 home console that came two to three years earlier. The TurboExpress used interchangeable cartridges for games (the same cartridges used for the home console). It was a technologically advanced game of the time, allowing for dynamic graphics and the ability to display a large amount of sprites (i.e., two-dimensional images or animations overlaid into a scene) at a time. The game allowed two-player gameplay using a Turbolink cable.","https://media.vandal.net/m/4-2019/20194131341426_6.jpg, https://m.media-amazon.com/images/I/71y92c+-dCL._AC_SX679_.jpg, http://farm1.static.flickr.com/134/406614169_dc43deae72_o.jpg",https://www.youtube.com/watch?v=IZDf2U08E_U,"https://www.techeblog.com/top-5-handheld-gaming-systems-of-all-time/ (Top 5 Handheld Gaming Systems of All-Time), https://phoneia.com/en/so-was-the-turbo-express-the-forgotten-first-rival-game-boy/ (So was the Turbo Express, the forgotten first rival Game Boy)",Entertainment,N,single-player,site-specific,Mobile,Game Console,Link Cable,rlglove2@ncsu.edu
Uncle Roy All Around You,2003,"Blast Theory, Mixed Reality Lab (University of Nottingham)",London,United Kingdom,https://www.blasttheory.co.uk/projects/uncle-roy-all-around-you/ (Uncle Roy All Around You | Blast Theory),"Multiplayer, hybrid reality game in which remote online players use a virtual map to support a physical world player in navigating a city. The purpose of the game is for both the physical world and online player to find a character, Uncle Roy, in under sixty minutes. The game does not make use of location services. Rather, online players guess at the location of the players in the city by seeing what part of a city map that the physical world player is looking at on their PDA. Upon finding Uncle Roy, the physical world player is invited to exchange contact information with the online player, making a commitment to be there for the online player for one year.","https://www.blasttheory.co.uk/wp-content/uploads/2013/09/press_ur_interface.jpg, https://www.researchgate.net/profile/Matt_Adams/publication/221217476/figure/fig1/AS:393984422760449@1470944614117/The-online-players-interface-of-Uncle-Roy-showing-the-map-overview-The-street-player-at_W640.jpg, https://www.blasttheory.co.uk/wp-content/uploads/2013/09/press_ur_roy-800x600.jpg, https://www.blasttheory.co.uk/wp-content/uploads/2013/09/press_ur_orchestration-800x1066.jpg, https://www.blasttheory.co.uk/wp-content/uploads/2013/09/press_ur_participant-800x520.jpg)",https://youtu.be/vwMIO_Fk2sw,"https://www.blasttheory.co.uk/wp-content/uploads/2016/07/Review_URAAY_GamesDomain.com_03-07-03.pdf (Review, GamesDomain.com (2003)), https://www.blasttheory.co.uk/wp-content/uploads/2016/07/Review_URAAY_New-Meida-Features_12-04-2004.pdf (Review, New Media Features (2004)), https://www.blasttheory.co.uk/wp-content/uploads/2016/07/Article_URAAY_Guardian-Guide_24042004.pdf (Article, Guardian Guide (2004)), https://www.blasttheory.co.uk/wp-content/uploads/2016/07/Article_URAAY_BBC-Manchester-features_18-05-2004updated-28-04-2004.pdf (Article, BBC Manchester Features (2004)), https://www.blasttheory.co.uk/wp-content/uploads/2016/07/Article_URAAY_dshed.net_2003.pdf (Article, dshed.net (2003)), https://www.theguardian.com/education/2004/may/20/elearning.technology (Article, Guardian (2004)), https://www.blasttheory.co.uk/wp-content/uploads/2016/07/Review_URAAY_Art-Preview-Archives_12-18-2003.pdf (Review, Art Preview Archives (2003)), https://www.blasttheory.co.uk/wp-content/uploads/2013/10/2013-research_Proximity_and_Alienation.pdf (Farman, J. (Ed.). (2013). The mobile story : Narrative practices with locative technologies. ProQuest Ebook Central https://ebookcentral.proquest.com), http://journals.sagepub.com/doi/abs/10.1177/1555412006290443 (de Souza e Silva, A., & Delacruz, G. C. (2006). Hybrid Reality Games Reframed: Potential Uses in Educational Contexts. Games and Culture, 1(3), 231–251. https://doi.org/10.1177/1555412006290443), https://www.blasttheory.co.uk/wp-content/uploads/2016/07/Review_URAAY_engadget_05-05-2004.pdf (Review, Engadget (2004)), https://www.blasttheory.co.uk/wp-content/uploads/2016/07/Article_URARY_Manchester-City-Council_29-04-2004.pdf (Review, Manchester City Council (2004)), http://www.digra.org/wp-content/uploads/digital-library/05163.14092.pdf (Flintham, M. (2003). Uncle Roy All Around You: Mixing Games And Theatre On The Streets. DiGRA '03 - Proceedings of the 2003 DiGRA International Conference: Level Up, 2.), https://www.blasttheory.co.uk/bt/documents/Uncle_R_Implicating_paper_2004.pdf (Benford, S. et al. (2004). Uncle Roy All Around You: Implicating the city in a location-based performance. Proc. Advances in Computer Entertainment (ACE 2004), 21, 47), https://www.blasttheory.co.uk/wp-content/uploads/2016/07/Review_URAAY_liveartmagazine.com_11-06-2003.pdf (Review, Live Art Magazine (2003)), https://www.hindawi.com/journals/ijcgt/2016/7690754/ (Sekhavat, Y. A. (2016). KioskAR: An augmented reality game as a new business model to present artworks. International Journal of Computer Games Technology, 2016, 1-12. doi:10.1155/2016/7690754), https://www.blasttheory.co.uk/wp-content/uploads/2016/07/Review_URAAY_EuroGamer_29-04-2004.pdf (Review, EuroGamer (2004)), https://onlinelibrary.wiley.com/doi/book/10.1002/9781118475249#page=445 (Flanagan, Mary. “Critical Play.” A Companion to Digital Art, 2016, pp. 445–459., doi:10.1002/9781118475249.ch20.), https://www.blasttheory.co.uk/wp-content/uploads/2016/07/Review_URAAY_BBC-News_03-05-2004.pdf (Review, BBC News (2004)), https://www.blasttheory.co.uk/wp-content/uploads/2016/07/Review_URAAY_Ok-Cancel_15-05-2004.pdf (Review, Ok Cancel (2004)), https://www.blasttheory.co.uk/wp-content/uploads/2016/07/Review_URAAY_The-Sunday-Times_29-06-2003.pdf (Review, Sunday Times (2003)), https://www.blasttheory.co.uk/wp-content/uploads/2016/07/Article_URAAY_Sandwell-Chronicle_03-06.pdf (Article, Sandwell Chronicle (2003)), https://www.blasttheory.co.uk/wp-content/uploads/2016/07/Review_URAAY_artsmagnet_08-05-2004.pdf (Article, Telecom Worldwire (2003)), https://www.blasttheory.co.uk/wp-content/uploads/2016/07/Review_URAAY_ArtNews_042004.pdf (Review, Art News (2004)), https://www.blasttheory.co.uk/wp-content/uploads/2016/07/Review_URAAY_netartreview_10-05-2004.pdf (Review, Net Art Review (2004)), https://www.blasttheory.co.uk/wp-content/uploads/2016/07/Review_URAAY_Birmingham-Post_04-06-2004.pdf (Review, Birmingham Post (2004)), https://www.blasttheory.co.uk/wp-content/uploads/2016/07/Review_URAARY_The-Art-Newspaper_04-20041.pdf (Review, The Art Newspaper (2004)), https://www.blasttheory.co.uk/wp-content/uploads/2016/07/Review_URAAY_Mauro-Cherubini-Research-Blog_03-05-2004.pdf (Review, Mauro Cherubini Research Blog (2004)), https://www.blasttheory.co.uk/wp-content/uploads/2016/07/Review_URAAY_Metro-Life_28-04-2004.pdf (Review, Metro Life (2004)), https://www.blasttheory.co.uk/wp-content/uploads/2016/07/Review_URAAY_Performance-Technologies-2003.pdf (Review, Performance Technologies (2003)), https://www.blasttheory.co.uk/wp-content/uploads/2016/07/Review_URAAY_BBC-Manchester_28-04-2000.pdf (Review, BBC News Manchester (2004)), https://www.blasttheory.co.uk/wp-content/uploads/2015/03/Performance-Led-Research-in-the-Wild-2013.pdf (Benford, S. et al. (2013). Performance-led research in the wild. ACM Transactions on Computer-Human Interaction, 20(3), 1-22. doi:10.1145/2491500.2491502), https://www.blasttheory.co.uk/wp-content/uploads/2016/07/Review_URAAY_New-Scientist_21-06.2005.pdf (Review, New Scientist (2005)), https://www.blasttheory.co.uk/wp-content/uploads/2016/07/Review_URAAY_Metro__30_05_2003.pdf (Review, Metro (2003)), https://test.org.uk/2003/07/09/are-you-awake-are-you-in-love/ (Blog, TEST (2003)), https://www.blasttheory.co.uk/wp-content/uploads/2016/07/Review_URAAY_Evening-Standard_29052003.pdf (Review, Evening Standard (2003)), https://www.blasttheory.co.uk/wp-content/uploads/2016/07/Review_URARY_The-Independant-on-Sunday_30-05-2004.pdf (Review, The Independent on Sunday (2004)), https://www.blasttheory.co.uk/wp-content/uploads/2016/07/Article_URAAY_Express-and-Star_01-06-2004.pdf (Article, Express and Star (2004)), https://journals.sagepub.com/doi/abs/10.1177/1046878118796056 (Alavesa, P. et al. (2018). Ludic markers for player-player observation in location-based mobile games. Simulation & Gaming, 49(6), 700-717. doi:10.1177/1046878118796056), https://www.blasttheory.co.uk/wp-content/uploads/2016/07/Article_URAAY_nestafuturelab.pdf (Article, Nesta Future Lab (2004)), https://www.blasttheory.co.uk/wp-content/uploads/2016/07/Review_URAARY_radar-visial-arts_05-20041.pdf (Review, Radar Visual Arts (2004)), https://www.sciencedirect.com/science/article/abs/pii/S1071581916301306 (Georgiou, Y., & Kyza, E. A. (2017). The development and validation of the ARI questionnaire: An instrument for measuring immersion in location-based augmented reality settings. International Journal of Human-Computer Studies, 98, 24-37. doi:10.1016/j.ijhcs.2016.09.014), https://www.blasttheory.co.uk/wp-content/uploads/2013/02/review_uraay_edge.pdf (Article, Edge (2003))",Art,N,single-player,site-specific,"Hybrid Reality, Urban","PDA, Computer",3G,
Undercover and Undercover 2,2003,Ydreams,São Paulo,Portugal,No active website for game currently exists,"UnderCover and its sequel UnderCover 2: Merc Wars are designed to be MMORPGs. The game employs similar technology as Botfighters, but also includes social interaction. Gameplay involves taking ownership of specific locations by ""conquering and defending"" territories"" and battling against other players. The game was available only to Java-enabled phones.","http://images.mmorpg.com/images/screenshots/042005/3159.jpg, http://images.mmorpg.com/images/screenshots/042005/3158.jpg, http://images.mmorpg.com/images/screenshots/042005/3157.jpg","https://www.mmorpg.com/undercover-2-merc-wars/news/game-released-2000058323, https://www.youtube.com/watch?v=4X3DS9tgncQ","https://www.mmorpg.com/undercover-2-merc-wars/news/game-released-2000058323 (Article, MMORPG (2005)), https://www.mmorpg.com/undercover-2-merc-wars (Overview, MMORPG (2005)), https://dl.acm.org/doi/abs/10.1145/1111293.1111302 (Rashid, O., Mullins, I., Coulton, P., & Edwards, R. (2006). Extending cyberspace: Location based games using cellular phones. Computers in Entertainment (CIE), 4(1), 4-es. doi:10.1145/1111293.1111302), https://dl.acm.org/doi/abs/10.1145/1081706.1081708 (Camara, A. S. (2005, September). Innovations in pervasive computing. In Proceedings of the 10th European software engineering conference held jointly with 13th ACM SIGSOFT international symposium on Foundations of software engineering (pp. 176-176).)",Entertainment,N,single-player,site-specific,"Pervasive, Location-based","Cell Phone, GPS, Bluetooth GPS Receiver","GPS, 3G",
Victory Run,1987,Hudson Soft,,Japan & USA,https://www.ign.com/games/victory-run,"A racing game for the TurboGrafx home console and  Turbo Express handheld. The game cartridge could be used on both platforms. Players must race against AI racecars in order to win, as well as collect spare parts for their own car. Besides cars, players would navigate hazards such as oil slicks, traffic, blind turns, and bumpy terrain. Victory Run was also released on the Nintendo Virtual Console and Playstation Network.","https://images.nintendolife.com/a28242cfb8bec/victory-run-cover.cover_large.jpg, https://i.ytimg.com/vi/ZqDNFOrsbzA/hqdefault.jpg, https://i.ebayimg.com/images/g/FR4AAOSwjkhfp5NU/s-l300.jpg",https://www.youtube.com/watch?v=ZqDNFOrsbzA,https://www.mobygames.com/game/victory-run (Moby Games: Victory Run),Entertainment,N,single-player,site-specific,Mobile,Game Console,,ejstanle@ncsu.edu
Virtua Maze,2004,Garmin,Kansas,United States,"no website for the game, only for the device: https://buy.garmin.com/en-US/US/p/220#specs (Geko 201)","A Garmin Geko 201 game, which requires a player to navigate a virtual maze to locate flags. The game keeps track of how long it takes the player to complete the maze; thus, users may race the clock as an integral part of gameplay.","https://www.pocketgpsworld.com/reviews/geko/scrn_VirtuaMaze.gif, https://www.forbes.com/images/2003/03/11/tentech_178x350.jpg, https://static.garmincdn.com/en/products/010-00318-00/g/sc-03-lg.jpg",https://www.manualsdir.com/manuals/250547/garmin-gps-60.html?page=66,"https://www.forbes.com/2003/03/11/cx_ah_0311tentech.html#19c831402b27 (Article, Forbes (2003)), https://www.pocketgpsworld.com/garmingeko.php (Review, PocketGPSWorld (2003)), http://static.garmin.com/pumac/Geko201_OwnersManual.pdf (Manual, Garmin (2004))",Entertainment,N,single-player,site-specific,Location-based,GPS,GPS,
WarioWare: Touched!,2004,Intelligent Systems,Kyoto,Japan,,"WarioWare: Touched! is a puzzle/rhythm game for the Nintendo DS. Players utilize the DS's touchscreen and microphone to complete a variety of simple microgames. The game has nine stages with 20 microgames in each, all revolving around a simple task such as rotating, blowing, and tapping in order to beat a game. Stages revolve around different themes, characters, input style, and stage intermission. Harder microgames are considered boss stages, and are at the end of stages.","https://upload.wikimedia.org/wikipedia/en/thumb/3/37/WarioWare_Touched.PNG/220px-WarioWare_Touched.PNG, https://upload.wikimedia.org/wikipedia/en/7/77/Gameplay_of_WarioWare_Touched%21.png, https://mario.wiki.gallery/images/thumb/b/b9/Sewerguru.png/200px-Sewerguru.png",https://www.youtube.com/watch?v=qs0cnB7EjuU,,"Entertainment, Interaction",N,single-player,site-specific,Handheld,Game Cartridge,,rlglove2@ncsu.edu
Watara Supervision,1989,Watara,,,,"A game played on the The Watara Supervision (or the QuickShot Supervision) in the UK, which featured  a monochrome handheld game console, originating from Asia, and introduced in 1992 as a cut-price competitor for Nintendo's Game Boy.","https://upload.wikimedia.org/wikipedia/commons/5/59/Watara_Supervision_Flat.jpg, https://thumbs.worthpoint.com/zoom/images1/1/1115/07/watara-supervision-handheld-video_1_e6a1632a6a697a23ffdea0cc1bf7530f.jpg, https://static.wikia.nocookie.net/balloon-fight/images/a/a2/Balloon_Fight_Supervision_front_box.png/revision/latest?cb=20180731213530","https://www.youtube.com/watch?v=xkJ_yhmHwWY, https://www.youtube.com/watch?v=cS6ze3FK_1M, https://www.youtube.com/watch?v=RytIAaa4EvU","https://padandpixel.com/the-tilt-screen-handheld-that-gameboy-killed/ (The Tilt-Screen Handheld That Game Boy Killed), https://www.racketboy.com/retro/watara-supervision-a-beginners-guide (WATARA SUPERVISION: A BEGINNER’S GUIDE)",Entertainment,N,single-player,site-specific,Mobile,"Game Console, Headphones",,rlglove2@ncsu.edu
Western Police,1982,Yonezawa,,Japan,,"Small handheld device/game, allowing two modes of play (amateur or pro). The device contains a switch to turn sound on/off. The game controls include left and right buttons for in-game navigation. In Western Police, players must dodge swords, hooks, and other various weapons that criminals are attacking them with. Players get three lives and 10 points for every dodge.","https://thumbs.worthpoint.com/zoom/images3/1/0316/29/yonezawa-western-police-lcd-vintage_1_db809f01f40786267295bee790bb7d5a.jpg, https://i.ytimg.com/vi/13xxeD1xWno/maxresdefault.jpg, https://www.picclickimg.com/d/l400/pict/383995952907_/Game-Watch-Western-Police-Used-Yonezawa-Japan-Limited.jpg",https://www.youtube.com/watch?v=13xxeD1xWno,,Entertainment,N,single-player,site-specific,Mobile,Game Console,,ejstanle@ncsu.edu
Winning Racer,1987,Casio,,Japan,,"Watch which includes a game called ""Winning Racer"" -- the watch's face includes two input buttons. Players would use these two buttons to control their car in order to try and pass other competitors. The watch also had an alarm function built in.","http://www.ummedia.com/MY_SITES/seikolc/EE/images/watchlibrary/GR-5-A.jpg, https://i.ytimg.com/vi/zGAh3G9GQDQ/maxresdefault.jpg",https://www.youtube.com/watch?v=zGAh3G9GQDQ,http://www.digitalwatchlibrary.com/images/casio_manuals/687.pdf (Casio Winning Racer Manual),"Entertainment, Interaction",N,single-player,site-specific,Mobile,Game Console,,ejstanle@ncsu.edu
Wireless Pets,2001,"David McQueen, David Thompson",,Scotland,,"Wireless Pets by The Games Kitchen was the biggest WAP (Wireless Access Protocol) game in Europe with over 15 million minutes of airtime on 18 operators according to the game's creative director, David McQueen. The game involves interacting with a virtual pet using an interface where users select a link, which communicates back to a server which then generates a new page while updating the state of your game.",,,https://www.gamedeveloper.com/programming/postmortem-games-kitchen-s-i-wireless-pets-i- (Postmortem: Games Kitchen's Wireless Pets),,N,single-player,site-specific,Mobile,Cell Phone,Internet,jjfennim@ncsu.edu
Wolf Pack,1982,Innovator,,Hong Kong,,"Handheld game with LCD screen, featuring a dial single pad with multidirectional input (instead separate keys for input). Wolf Pack is in a series with 6 other games, all licensed by Vtech.",https://www.picclickimg.com/d/l400/pict/154582542269_/Ultra-Rare-Innovator-Electronics-Wolf-Pack-1982-Vintage.jpg,,,Entertainment,N,single-player,site-specific,Mobile,Game Console,,rlglove2@ncsu.edu
Yum Yum Sheep,2005,SICS,,,,"Yum Yum Sheep is a game where the player is a monster who feeds on sheep. In this game, Bluetooth IDs are depicted as sheep. The goal is to find as many Bluetooth IDs to make your monster grow stronger. The player can also choose to make their monster fight with friends to see who has the stronger monster.",,,"https://citeseerx.ist.psu.edu/viewdoc/download?doi=10.1.1.96.7238&rep=rep1&type=pdf (Niemi, J., Sawano, S., and Waern, A. (2005) ""Involving Non-Players in Pervasive Games."" ACM.)",Interaction,N,multiplayer,site-specific,Mobile,Cell Phone,Bluetooth,jjfennim@ncsu.edu
ZoneMaster,2001,Unwired Factory,Copenhagen,Denmark,,"Developed in Denmark in 2001, ZoneMaster was one of the first ""area control"" based games. Players would collect hordes of zombies to fight one another, in GPS positioned zones around Denmark. They must control these zones around their area, and can team up with other players through GPS and Cell-ID to attack other players, and capture their zones. To capture zones, players would have to physically travel to that zone, which was marked by GPS coordinates.",,,"https://www.wired.com/2002/02/have-cell-phone-will-shoot/ (Have Cell Phone, Will Shoot)","Entertainment, Interaction",N,multiplayer,site-specific,Location-based,"Cell Phone, GPS","Cell-ID, GPS",jjfennim@ncsu.edu
Zoomnzap,1985,Casio,,Japan,https://www.handheldmuseum.com/Casio/Zoomnzap.htm,"A Casio watch that includes Zoomnzap, which is a jet fighting game. The watch had two buttons to control the game.","https://pbs.twimg.com/media/CxoKf7dXAAAl5ek.jpg, https://thumbs.worthpoint.com/zoom/images3/360/0512/05/vintage-casio-gz-zoomnzap-digital-lcd_360_dac0a90686515cc15f498a2b4f622381.jpg, https://thumbs.worthpoint.com/zoom/images1/360/1114/07/casio-game-watch-zoomnzap_360_6674a3f7f98baf98b8542d7a700d78ec.jpg","https://www.youtube.com/watch?v=3ksG_MBqQZA, https://www.youtube.com/watch?v=McAihSHEqC8",https://www.totalwatchrepair.com/blogs/resources-and-tips/fashion-watches-from-the-80s (A BLAST FROM THE PAST: WATCHES FROM THE 80S),"Entertainment, Education",N,single-player,site-specific,Mobile,Game Console,,ejstanle@ncsu.edu
iPhone 3G,2008,Apple,San Francisco,USA,https://www.apple.com/?afid=p238%7CseIEs444j-dc_mtid_1870765e38482_pcrid_547597405561_pgrid_13945964887_&cid=aos-us-kwgo-brand-apple--slid---product-,"Touch screen mobile phone, which includes GPS, 3G capability, and supported gameplay. This is the second iteration of the Apple iPhone and the first to feature the App Store. The first iPhone 3G came in two models (8GB and 16GB) and two colors (black and white.) Enhanced power, storage, and battery life allowed for a massive boom in mobile game development and accessibility.","https://cdn.chass.ncsu.edu/sites/mglab.chass.ncsu.edu/iphone.JPG, https://images.idgesg.net/images/article/2018/09/cw_evolution_of_the_iphone_03-100771461-orig.jpg?auto=webp, https://o.aolcdn.com/images/dar/5845cadfecd996e0372f/adc231e54a27a603b1204cbf494cf6fd4a9c2805/aHR0cDovL3d3dy5ibG9nY2RuLmNvbS93d3cuZW5nYWRnZXQuY29tL21lZGlhLzIwMDgvMDYvd3dkYy1rZXlub3RlXzE5MC5qcGc=, https://cdn.gsmarena.com/vv/newsimg/09/06/iphone-3gs/gsmarena_002_.jpg","https://www.youtube.com/watch?v=r7fVWjgxRwk, https://www.youtube.com/watch?v=XEpibJJpRAY","https://web.archive.org/web/20150131132526/http://www.tuaw.com/2008/06/09/iphone-3g-announced/ (iPhone 3G announced), https://www.apple.com/newsroom/2008/06/09Apple-Introduces-the-New-iPhone-3G/ (Apple Introduces the New iPhone 3G), https://toucharcade.com/2008/07/07/under-the-hood-the-iphones-gaming-mettle/ (Under the Hood: The iPhone’s Gaming Mettle), https://www.engadget.com/2008-07-11-iphone-3g-review.html (Engadget: iPhone 3G review)","Entertainment, Interaction, Art",N,multiplayer,site-specific,Mobile,"Cell Phone, GPS, Camera Phone, Game Console","Internet, SMS, Voice, Voicemail, Cell-ID, Bluetooth, Pictures, GPS",ejstanle@ncsu.edu
